population;pup ID;recording date;syllable train type;syllable;;;;
;;;;label;duration [s];start time;end time;IOI [s]
Panama;2;15_07_09;affiliative;1;0,0067;0,0405;0,0473;0,0738
Panama;2;15_07_09;affiliative;2;0,0386;0,1143;0,1529;0,1306
Panama;2;15_07_09;affiliative;3;0,0129;0,2449;0,2579;0,0530
Panama;2;15_07_09;affiliative;4;0,0003;0,2979;0,2983;0,0026
Panama;2;15_07_09;affiliative;5;0,0168;0,3005;0,3174;0,0299
Panama;2;15_07_09;affiliative;6;0,0218;0,3304;0,3523;0,0969
Panama;2;15_07_09;affiliative;7;0,0090;0,4273;0,4364;0,0427
Panama;2;15_07_09;affiliative;8;0,0234;0,4700;0,4934;0,0350
Panama;2;15_07_09;affiliative;9;0,0231;0,5050;0,5282;0,1123
Panama;2;15_07_09;affiliative;10;0,0129;0,6173;0,6302;0,0319
Panama;2;15_07_09;affiliative;11;0,0023;0,6492;0,6515;0,0055
Panama;2;15_07_09;affiliative;12;0,0545;0,6547;0,7092;0,1409
Panama;2;15_07_09;affiliative;13;0,0143;0,7956;0,8099;0,0291
Panama;2;15_07_09;affiliative;14;0,0614;0,8247;0,8861;0,1297
Panama;2;15_07_09;affiliative;15;0,0053;0,9544;0,9598;0,0191
Panama;2;15_07_09;affiliative;16;0,0727;0,9735;1,0462;0,1302
Panama;2;15_07_09;affiliative;17;0,0028;1,1037;1,1065;0,0099
Panama;2;15_07_09;affiliative;18;0,0062;1,1136;1,1198;0,0110
Panama;2;15_07_09;affiliative;19;0,0044;1,1246;1,1290;0,0195
Panama;2;15_07_09;affiliative;20;0,0037;1,1441;1,1479;0,0067
Panama;2;15_07_09;affiliative;21;0,0069;1,1508;1,1577;0,0099
Panama;2;15_07_09;affiliative;22;0,0057;1,1607;1,1664;0,0097
Panama;2;15_07_09;affiliative;22;0,0384;1,1704;1,2088;0,2152
Panama;2;15_07_09;affiliative;23;0,0696;1,3856;1,4552;
Panama;8;15_07_09;affiliative;1;0,0025;0,1331;0,1356;0,1061
Panama;8;15_07_09;affiliative;2;0,0087;0,2392;0,2479;0,1165
Panama;8;15_07_09;affiliative;3;0,0097;0,3557;0,3654;0,1080
Panama;8;15_07_09;affiliative;4;0,0096;0,4637;0,4733;0,1080
Panama;8;15_07_09;affiliative;5;0,0089;0,5717;0,5807;0,1084
Panama;8;15_07_09;affiliative;6;0,0106;0,6801;0,6908;0,0589
Panama;8;15_07_09;affiliative;7;0,0240;0,7390;0,7631;0,0393
Panama;8;15_07_09;affiliative;8;0,0085;0,7783;0,7869;0,0556
Panama;8;15_07_09;affiliative;9;0,0327;0,8339;0,8666;0,0459
Panama;8;15_07_09;affiliative;10;0,0128;0,8798;0,8926;0,0560
Panama;8;15_07_09;affiliative;11;0,0369;0,9358;0,9728;0,0500
Panama;8;15_07_09;affiliative;12;0,0157;0,9858;1,0016;0,0539
Panama;8;15_07_09;affiliative;13;0,0419;1,0397;1,0817;0,0520
Panama;8;15_07_09;affiliative;14;0,0102;1,0917;1,1019;0,0514
Panama;8;15_07_09;affiliative;15;0,0400;1,1431;1,1832;0,0508
Panama;8;15_07_09;affiliative;16;0,0168;1,1939;1,2108;0,0539
Panama;8;15_07_09;affiliative;17;0,0517;1,2478;1,2995;0,0583
Panama;8;15_07_09;affiliative;18;0,0106;1,3061;1,3167;0,0558
Panama;8;15_07_09;affiliative;19;0,0569;1,3619;1,4188;0,0614
Panama;8;15_07_09;affiliative;20;0,0097;1,4233;1,4330;0,0583
Panama;8;15_07_09;affiliative;21;0,0579;1,4816;1,5395;0,1230
Panama;8;15_07_09;affiliative;22;0,0491;1,6046;1,6537;0,1766
Panama;8;15_07_09;affiliative;23;0,0151;1,7812;1,7963;0,0851
Panama;8;15_07_09;affiliative;24;0,0072;1,8663;1,8736;0,0520
Panama;8;15_07_09;affiliative;25;0,0174;1,9183;1,9357;0,1746
Panama;8;15_07_09;affiliative;26;0,0130;2,0929;2,1059;0,0676
Panama;8;15_07_09;affiliative;27;0,0560;2,1605;2,2165;0,1219
Panama;8;15_07_09;affiliative;28;0,0538;2,2824;2,3363;0,1160
Panama;8;15_07_09;affiliative;29;0,0390;2,3984;2,4375;0,0981
Panama;8;15_07_09;affiliative;30;0,0419;2,4965;2,5384;0,1040
Panama;8;15_07_09;affiliative;31;0,0436;2,6005;2,6442;0,1003
Panama;8;15_07_09;affiliative;32;0,0500;2,7008;2,7508;0,1015
Panama;8;15_07_09;affiliative;33;0,0519;2,8023;2,8542;0,1240
Panama;8;15_07_09;affiliative;34;0,0272;2,9263;2,9536;0,0861
Panama;8;15_07_09;affiliative;35;0,0618;3,0124;3,0743;0,1292
Panama;8;15_07_09;affiliative;36;0,0120;3,1416;3,1536;0,0342
Panama;8;15_07_09;affiliative;37;0,0399;3,1758;3,2157;0,1047
Panama;8;15_07_09;affiliative;38;0,0097;3,2805;3,2902;0,0357
Panama;8;15_07_09;affiliative;39;0,0330;3,3162;3,3492;0,0865
Panama;8;15_07_09;affiliative;40;0,0542;3,4027;3,4570;0,0703
Panama;8;15_07_09;affiliative;41;0,0074;3,4730;3,4804;0,0562
Panama;8;15_07_09;affiliative;42;0,0231;3,5292;3,5523;0,0556
Panama;8;15_07_09;affiliative;43;0,0144;3,5848;3,5993;0,0579
Panama;8;15_07_09;affiliative;44;0,0290;3,6427;3,6718;0,0629
Panama;8;15_07_09;affiliative;45;0,0103;3,7056;3,7159;0,0727
Panama;8;15_07_09;affiliative;46;0,0185;3,7783;3,7968;0,0499
Panama;8;15_07_09;affiliative;47;0,0128;3,8282;3,8410;0,1246
Panama;8;15_07_09;affiliative;48;0,0098;3,9528;3,9627;
Panama;10;15_07_08;affiliative;1;0,0088;0,0669;0,0757;0,0139
Panama;10;15_07_08;affiliative;2;0,0147;0,0808;0,0956;0,0698
Panama;10;15_07_08;affiliative;3;0,0467;0,1506;0,1973;0,0841
Panama;10;15_07_08;affiliative;4;0,0579;0,2347;0,2927;0,1055
Panama;10;15_07_08;affiliative;5;0,0584;0,3402;0,3987;0,1102
Panama;10;15_07_08;affiliative;6;0,0028;0,4504;0,4532;0,0173
Panama;10;15_07_08;affiliative;7;0,0020;0,4677;0,4697;0,0056
Panama;10;15_07_08;affiliative;8;0,0034;0,4733;0,4768;0,0106
Panama;10;15_07_08;affiliative;9;0,0296;0,4839;0,5136;
Costa Rica;15;16_06_26;affiliative;1;0,0360;0,0554;0,0915;0,1075
Costa Rica;15;16_06_26;affiliative;2;0,0350;0,1629;0,1980;0,1071
Costa Rica;15;16_06_26;affiliative;3;0,0360;0,2700;0,3061;0,1033
Costa Rica;15;16_06_26;affiliative;4;0,0273;0,3733;0,4007;0,0946
Costa Rica;15;16_06_26;affiliative;5;0,0277;0,4679;0,4957;0,0892
Costa Rica;15;16_06_26;affiliative;6;0,0243;0,5571;0,5815;0,0936
Costa Rica;15;16_06_26;affiliative;7;0,0064;0,6507;0,6571;0,0467
Costa Rica;15;16_06_26;affiliative;8;0,0115;0,6974;0,7089;0,0254
Costa Rica;15;16_06_26;affiliative;9;0,0057;0,7228;0,7285;0,0144
Costa Rica;15;16_06_26;affiliative;10;0,0034;0,7372;0,7407;0,0117
Costa Rica;15;16_06_26;affiliative;11;0,0030;0,7489;0,7520;0,0101
Costa Rica;15;16_06_26;affiliative;12;0,0032;0,7590;0,7622;0,0102
Costa Rica;15;16_06_26;affiliative;13;0,0020;0,7692;0,7713;0,0089
Costa Rica;15;16_06_26;affiliative;14;0,0026;0,7781;0,7808;0,0099
Costa Rica;15;16_06_26;affiliative;15;0,0021;0,7880;0,7902;
Costa Rica;16;16_06_19;affiliative;1;0,0574;0,0934;0,1509;0,1162
Costa Rica;16;16_06_19;affiliative;2;0,0501;0,2096;0,2598;0,1022
Costa Rica;16;16_06_19;affiliative;3;0,0544;0,3118;0,3662;0,1117
Costa Rica;16;16_06_19;affiliative;4;0,0600;0,4235;0,4835;0,1094
Costa Rica;16;16_06_19;affiliative;5;0,0640;0,5329;0,5969;0,1058
Costa Rica;16;16_06_19;affiliative;6;0,0147;0,6387;0,6534;0,0316
Costa Rica;16;16_06_19;affiliative;8;0,0290;0,6703;0,6993;0,0735
Costa Rica;16;16_06_19;affiliative;9;0,0171;0,7438;0,7609;0,0277
Costa Rica;16;16_06_19;affiliative;10;0,0417;0,7715;0,8133;0,0863
Costa Rica;16;16_06_19;affiliative;11;0,0280;0,8578;0,8858;0,0510
Costa Rica;16;16_06_19;affiliative;12;0,0143;0,9088;0,9231;0,0828
Costa Rica;16;16_06_19;affiliative;13;0,0288;0,9916;1,0204;0,0428
Costa Rica;16;16_06_19;affiliative;14;0,0234;1,0344;1,0579;0,0367
Costa Rica;16;16_06_19;affiliative;15;0,0074;1,0711;1,0785;0,0117
Costa Rica;16;16_06_19;affiliative;16;0,0048;1,0828;1,0877;0,0168
Costa Rica;16;16_06_19;affiliative;17;0,0017;1,0996;1,1014;0,0134
Costa Rica;16;16_06_19;affiliative;18;0,0033;1,1130;1,1164;0,2627
Costa Rica;16;16_06_19;affiliative;19;0,0586;1,3757;1,4343;
Costa Rica;19;16_07_07;affiliative;1;0,0327;0,0334;0,0661;0,1488
Costa Rica;19;16_07_07;affiliative;2;0,0067;0,1822;0,1890;0,0306
Costa Rica;19;16_07_07;affiliative;3;0,0258;0,2128;0,2387;0,1353
Costa Rica;19;16_07_07;affiliative;4;0,0194;0,3481;0,3676;0,0265
Costa Rica;19;16_07_07;affiliative;5;0,0399;0,3746;0,4145;0,1435
Costa Rica;19;16_07_07;affiliative;6;0,0559;0,5181;0,5740;0,1494
Costa Rica;19;16_07_07;affiliative;7;0,0103;0,6675;0,6778;0,1060
Costa Rica;19;16_07_07;affiliative;8;0,0113;0,7735;0,7848;0,0981
Costa Rica;19;16_07_07;affiliative;9;0,0112;0,8716;0,8829;0,0868
Costa Rica;19;16_07_07;affiliative;10;0,0104;0,9584;0,9689;0,0798
Costa Rica;19;16_07_07;affiliative;11;0,0104;1,0382;1,0487;0,0756
Costa Rica;19;16_07_07;affiliative;12;0,0154;1,1138;1,1293;0,0740
Costa Rica;19;16_07_07;affiliative;13;0,0167;1,1878;1,2046;0,0719
Costa Rica;19;16_07_07;affiliative;14;0,0263;1,2597;1,2861;0,0734
Costa Rica;19;16_07_07;affiliative;15;0,0209;1,3331;1,3541;0,0422
Costa Rica;19;16_07_07;affiliative;16;0,0064;1,3753;1,3817;0,0597
Costa Rica;19;16_07_07;affiliative;17;0,0318;1,4350;1,4668;0,0417
Costa Rica;19;16_07_07;affiliative;18;0,0060;1,4767;1,4827;0,0626
Costa Rica;19;16_07_07;affiliative;19;0,0399;1,5393;1,5792;0,0517
Costa Rica;19;16_07_07;affiliative;20;0,0065;1,5910;1,5975;0,0732
Costa Rica;19;16_07_07;affiliative;21;0,0590;1,6642;1,7232;0,0749
Costa Rica;19;16_07_07;affiliative;22;0,0058;1,7391;1,7450;0,0733
Costa Rica;19;16_07_07;affiliative;23;0,0709;1,8124;1,8833;0,0839
Costa Rica;19;16_07_07;affiliative;24;0,0051;1,8963;1,9014;0,0201
Costa Rica;19;16_07_07;affiliative;25;0,0037;1,9164;1,9201;
Panama;2;15_06_30;aggressive;1;0,0215;0,0215;0,0430;0,0842
Panama;2;15_06_30;aggressive;2;0,0218;0,1057;0,1276;0,0895
Panama;2;15_06_30;aggressive;3;0,0247;0,1952;0,2199;0,0903
Panama;2;15_06_30;aggressive;4;0,0209;0,2855;0,3065;0,0795
Panama;2;15_06_30;aggressive;5;0,0303;0,3650;0,3953;0,1089
Panama;2;15_06_30;aggressive;6;0,0369;0,4739;0,5109;0,0845
Panama;2;15_06_30;aggressive;7;0,0775;0,5584;0,6360;0,1310
Panama;2;15_06_30;aggressive;8;0,1024;0,6894;0,7918;0,1641
Panama;2;15_06_30;aggressive;9;0,1433;0,8535;0,9968;0,2210
Panama;2;15_06_30;aggressive;10;0,1428;1,0745;1,2174;0,2319
Panama;2;15_06_30;aggressive;11;0,0852;1,3064;1,3917;
Panama;3;15_06_23;aggressive;1;0,0152;0,0527;0,0679;0,0968
Panama;3;15_06_23;aggressive;2;0,0230;0,1495;0,1725;0,1021
Panama;3;15_06_23;aggressive;3;0,0249;0,2516;0,2766;0,1010
Panama;3;15_06_23;aggressive;4;0,0253;0,3526;0,3779;0,1035
Panama;3;15_06_23;aggressive;5;0,0271;0,4561;0,4833;0,1027
Panama;3;15_06_23;aggressive;6;0,0302;0,5588;0,5890;0,1055
Panama;3;15_06_23;aggressive;7;0,0263;0,6643;0,6906;0,1090
Panama;3;15_06_23;aggressive;8;0,0298;0,7733;0,8032;0,1123
Panama;3;15_06_23;aggressive;9;0,0279;0,8856;0,9135;0,1098
Panama;3;15_06_23;aggressive;10;0,0320;0,9954;1,0274;0,1187
Panama;3;15_06_23;aggressive;11;0,0299;1,1141;1,1440;0,1262
Panama;3;15_06_23;aggressive;12;0,0348;1,2403;1,2751;0,1431
Panama;3;15_06_23;aggressive;13;0,0444;1,3834;1,4278;0,1636
Panama;3;15_06_23;aggressive;14;0,0495;1,5470;1,5965;0,1909
Panama;3;15_06_23;aggressive;15;0,0549;1,7379;1,7928;0,2146
Panama;3;15_06_23;aggressive;16;0,0618;1,9525;2,0143;0,2190
Panama;3;15_06_23;aggressive;17;0,0588;2,1715;2,2304;0,2624
Panama;3;15_06_23;aggressive;18;0,0494;2,4339;2,4833;0,2212
Panama;3;15_06_23;aggressive;19;0,0418;2,6551;2,6969;0,1436
Panama;3;15_06_23;aggressive;20;0,0556;2,7987;2,8544;0,1696
Panama;3;15_06_23;aggressive;21;0,0633;2,9683;3,0316;0,1638
Panama;3;15_06_23;aggressive;22;0,0732;3,1321;3,2053;
Panama;8;15_06_30;aggressive;1;0,0131;0,1696;0,1827;0,0459
Panama;8;15_06_30;aggressive;2;0,0102;0,2155;0,2257;0,1117
Panama;8;15_06_30;aggressive;3;0,0108;0,3272;0,3381;0,0799
Panama;8;15_06_30;aggressive;4;0,0302;0,4071;0,4373;0,0769
Panama;8;15_06_30;aggressive;5;0,0309;0,4840;0,5150;0,0934
Panama;8;15_06_30;aggressive;6;0,0176;0,5774;0,5950;0,0695
Panama;8;15_06_30;aggressive;7;0,0139;0,6469;0,6608;0,0710
Panama;8;15_06_30;aggressive;8;0,0161;0,7179;0,7340;0,0652
Panama;8;15_06_30;aggressive;9;0,0172;0,7831;0,8003;0,0661
Panama;8;15_06_30;aggressive;10;0,0160;0,8492;0,8652;0,0638
Panama;8;15_06_30;aggressive;11;0,0190;0,9130;0,9320;0,0710
Panama;8;15_06_30;aggressive;12;0,0188;0,9840;1,0028;0,0725
Panama;8;15_06_30;aggressive;13;0,0194;1,0565;1,0759;0,0739
Panama;8;15_06_30;aggressive;14;0,0215;1,1304;1,1520;0,0777
Panama;8;15_06_30;aggressive;15;0,0216;1,2081;1,2298;0,0763
Panama;8;15_06_30;aggressive;16;0,0224;1,2844;1,3068;0,0803
Panama;8;15_06_30;aggressive;17;0,0247;1,3647;1,3894;0,0840
Panama;8;15_06_30;aggressive;18;0,0224;1,4487;1,4711;0,0751
Panama;8;15_06_30;aggressive;19;0,0275;1,5238;1,5513;0,0843
Panama;8;15_06_30;aggressive;20;0,0366;1,6081;1,6448;0,0963
Panama;8;15_06_30;aggressive;21;0,0376;1,7044;1,7420;0,0945
Panama;8;15_06_30;aggressive;22;0,0433;1,7989;1,8423;0,0839
Panama;8;15_06_30;aggressive;23;0,0518;1,8828;1,9347;0,0954
Panama;8;15_06_30;aggressive;24;0,0247;1,9782;2,0029;0,1018
Panama;8;15_06_30;aggressive;25;0,0247;2,0800;2,1047;
Costa Rica;11;16_07_06;aggressive;1;0,0133;0,0789;0,0922;0,0406
Costa Rica;11;16_07_06;aggressive;2;0,0078;0,1195;0,1273;0,0730
Costa Rica;11;16_07_06;aggressive;3;0,0102;0,1925;0,2027;0,0421
Costa Rica;11;16_07_06;aggressive;4;0,0074;0,2346;0,2420;0,0569
Costa Rica;11;16_07_06;aggressive;5;0,0267;0,2915;0,3183;0,0364
Costa Rica;11;16_07_06;aggressive;6;0,0070;0,3279;0,3349;0,0617
Costa Rica;11;16_07_06;aggressive;7;0,0138;0,3896;0,4034;0,0283
Costa Rica;11;16_07_06;aggressive;8;0,0037;0,4179;0,4216;0,0121
Costa Rica;11;16_07_06;aggressive;9;0,0065;0,4300;0,4366;0,0574
Costa Rica;11;16_07_06;aggressive;10;0,0133;0,4874;0,5007;0,0270
Costa Rica;11;16_07_06;aggressive;11;0,0062;0,5144;0,5207;0,0142
Costa Rica;11;16_07_06;aggressive;12;0,0071;0,5286;0,5358;0,0529
Costa Rica;11;16_07_06;aggressive;13;0,0345;0,5815;0,6160;0,0428
Costa Rica;11;16_07_06;aggressive;14;0,0072;0,6243;0,6316;0,0589
Costa Rica;11;16_07_06;aggressive;15;0,0416;0,6832;0,7248;0,0462
Costa Rica;11;16_07_06;aggressive;16;0,0075;0,7294;0,7370;0,0566
Costa Rica;11;16_07_06;aggressive;17;0,0582;0,7860;0,8442;0,1114
Costa Rica;11;16_07_06;aggressive;18;0,0704;0,8974;0,9678;0,1273
Costa Rica;11;16_07_06;aggressive;19;0,0145;1,0247;1,0393;0,0791
Costa Rica;11;16_07_06;aggressive;20;0,0424;1,1038;1,1463;0,0954
Costa Rica;11;16_07_06;aggressive;21;0,0432;1,1992;1,2424;0,0659
Costa Rica;11;16_07_06;aggressive;22;0,0520;1,2651;1,3172;0,1016
Costa Rica;11;16_07_06;aggressive;23;0,1095;1,3667;1,4763;0,1539
Costa Rica;11;16_07_06;aggressive;24;0,1043;1,5206;1,6249;0,2335
Costa Rica;11;16_07_06;aggressive;25;0,1048;1,7541;1,8589;0,1670
Costa Rica;11;16_07_06;aggressive;26;0,0357;1,9211;1,9568;0,0484
Costa Rica;11;16_07_06;aggressive;27;0,0139;1,9695;1,9834;0,0325
Costa Rica;11;16_07_06;aggressive;28;0,0622;2,0020;2,0642;0,1293
Costa Rica;11;16_07_06;aggressive;29;0,0227;2,1313;2,1541;0,1028
Costa Rica;11;16_07_06;aggressive;30;0,0427;2,2341;2,2768;0,1039
Costa Rica;11;16_07_06;aggressive;31;0,0227;2,3380;2,3608;0,0374
Costa Rica;11;16_07_06;aggressive;32;0,1191;2,3754;2,4945;0,1814
Costa Rica;11;16_07_06;aggressive;33;0,1218;2,5568;2,6786;0,1772
Costa Rica;11;16_07_06;aggressive;34;0,0252;2,7340;2,7592;0,0488
Costa Rica;11;16_07_06;aggressive;35;0,0721;2,7828;2,8550;0,1249
Costa Rica;11;16_07_06;aggressive;36;0,0674;2,9077;2,9752;0,0727
Costa Rica;11;16_07_06;aggressive;37;0,0029;2,9804;2,9834;0,0075
Costa Rica;11;16_07_06;aggressive;38;0,0030;2,9879;2,9909;
Costa Rica;15;16_07_04;aggressive;1;0,0582;0,0634;0,1217;0,1535
Costa Rica;15;16_07_04;aggressive;2;0,0683;0,2169;0,2853;0,1604
Costa Rica;15;16_07_04;aggressive;3;0,0538;0,3773;0,4312;0,1375
Costa Rica;15;16_07_04;aggressive;4;0,0494;0,5148;0,5642;0,1310
Costa Rica;15;16_07_04;aggressive;5;0,0472;0,6458;0,6931;0,1222
Costa Rica;15;16_07_04;aggressive;6;0,0318;0,7680;0,7998;0,1100
Costa Rica;15;16_07_04;aggressive;7;0,0212;0,8780;0,8993;0,0945
Costa Rica;15;16_07_04;aggressive;8;0,0174;0,9725;0,9899;0,0699
Costa Rica;15;16_07_04;aggressive;9;0,0294;1,0424;1,0718;0,0823
Costa Rica;15;16_07_04;aggressive;10;0,0337;1,1247;1,1585;0,0575
Costa Rica;15;16_07_04;aggressive;11;0,0061;1,1822;1,1883;0,0631
Costa Rica;15;16_07_04;aggressive;12;0,0381;1,2453;1,2834;0,0564
Costa Rica;15;16_07_04;aggressive;13;0,0058;1,3017;1,3076;0,0310
Costa Rica;15;16_07_04;aggressive;14;0,0032;1,3327;1,3359;0,0625
Costa Rica;15;16_07_04;aggressive;15;0,0491;1,3952;1,4443;0,0657
Costa Rica;15;16_07_04;aggressive;16;0,0053;1,4609;1,4663;0,0258
Costa Rica;15;16_07_04;aggressive;17;0,0029;1,4867;1,4896;0,0180
Costa Rica;15;16_07_04;aggressive;18;0,0029;1,5047;1,5077;0,0187
Costa Rica;15;16_07_04;aggressive;19;0,0017;1,5234;1,5252;0,0166
Costa Rica;15;16_07_04;aggressive;20;0,0021;1,5400;1,5422;0,0152
Costa Rica;15;16_07_04;aggressive;21;0,0012;1,5552;1,5564;
Costa Rica;17;16_07_10;aggressive;1;0,0352;0,1155;0,1507;0,1278
Costa Rica;17;16_07_10;aggressive;2;0,0020;0,2433;0,2453;0,0120
Costa Rica;17;16_07_10;aggressive;3;0,0017;0,2553;0,2571;0,0191
Costa Rica;17;16_07_10;aggressive;4;0,0368;0,2744;0,3112;0,1174
Costa Rica;17;16_07_10;aggressive;5;0,0072;0,3918;0,3991;0,0414
Costa Rica;17;16_07_10;aggressive;6;0,0693;0,4332;0,5026;0,1753
Costa Rica;17;16_07_10;aggressive;7;0,0061;0,6085;0,6146;0,0331
Costa Rica;17;16_07_10;aggressive;8;0,0948;0,6416;0,7365;0,2130
Costa Rica;17;16_07_10;aggressive;9;0,0014;0,8546;0,8560;0,0097
Costa Rica;17;16_07_10;aggressive;10;0,0008;0,8643;0,8652;0,0154
Costa Rica;17;16_07_10;aggressive;11;0,0931;0,8797;0,9729;0,1627
Costa Rica;17;16_07_10;aggressive;12;0,1393;1,0424;1,1818;0,2116
Costa Rica;17;16_07_10;aggressive;13;0,0017;1,2540;1,2558;0,0225
Costa Rica;17;16_07_10;aggressive;14;0,0967;1,2765;1,3733;0,1855
Costa Rica;17;16_07_10;aggressive;15;0,0770;1,4620;1,5390;0,1637
Costa Rica;17;16_07_10;aggressive;16;0,0613;1,6257;1,6870;0,1481
Costa Rica;17;16_07_10;aggressive;17;0,0712;1,7738;1,8451;0,1607
Costa Rica;17;16_07_10;aggressive;18;0,0871;1,9345;2,0217;0,1783
Costa Rica;17;16_07_10;aggressive;19;0,0709;2,1128;2,1838;0,1712
Costa Rica;17;16_07_10;aggressive;20;0,0916;2,2840;2,3756;0,1849
Costa Rica;17;16_07_10;aggressive;21;0,0977;2,4689;2,5667;0,1959
Costa Rica;17;16_07_10;aggressive;22;0,0961;2,6648;2,7609;0,1857
Costa Rica;17;16_07_10;aggressive;23;0,0875;2,8505;2,9381;0,1623
Costa Rica;17;16_07_10;aggressive;24;0,0011;3,0128;3,0140;0,0146
Costa Rica;17;16_07_10;aggressive;25;0,0542;3,0274;3,0817;0,0919
Costa Rica;17;16_07_10;aggressive;26;0,0028;3,1193;3,1221;0,0196
Costa Rica;17;16_07_10;aggressive;27;0,0025;3,1389;3,1415;0,0091
Costa Rica;17;16_07_10;aggressive;28;0,0020;3,1480;3,1500;0,0073
Costa Rica;17;16_07_10;aggressive;29;0,0021;3,1553;3,1575;0,0075
Costa Rica;17;16_07_10;aggressive;30;0,0033;3,1628;3,1662;
Panama;6;15_07_05;IC;1;0,0075;0,0544;0,0619;0,0372
Panama;6;15_07_05;IC;2;0,0055;0,0916;0,0971;0,0684
Panama;6;15_07_05;IC;3;0,0096;0,1600;0,1696;0,0400
Panama;6;15_07_05;IC;4;0,0094;0,2000;0,2095;0,0682
Panama;6;15_07_05;IC;5;0,0151;0,2682;0,2833;0,0387
Panama;6;15_07_05;IC;6;0,0096;0,3069;0,3165;0,0677
Panama;6;15_07_05;IC;7;0,0163;0,3746;0,3910;0,0414
Panama;6;15_07_05;IC;8;0,0096;0,4160;0,4256;0,0648
Panama;6;15_07_05;IC;9;0,0157;0,4808;0,4966;0,0414
Panama;6;15_07_05;IC;10;0,0096;0,5222;0,5318;0,0600
Panama;6;15_07_05;IC;11;0,0309;0,5822;0,6132;0,0428
Panama;6;15_07_05;IC;12;0,0122;0,6250;0,6373;0,0608
Panama;6;15_07_05;IC;13;0,0184;0,6858;0,7042;0,0358
Panama;6;15_07_05;IC;14;0,0122;0,7216;0,7339;0,0538
Panama;6;15_07_05;IC;15;0,0232;0,7754;0,7987;0,0366
Panama;6;15_07_05;IC;16;0,0088;0,8120;0,8208;0,0552
Panama;6;15_07_05;IC;17;0,0267;0,8672;0,8939;0,0392
Panama;6;15_07_05;IC;18;0,0144;0,9064;0,9209;0,0568
Panama;6;15_07_05;IC;19;0,0212;0,9632;0,9844;0,0352
Panama;6;15_07_05;IC;20;0,0130;0,9984;1,0114;0,0524
Panama;6;15_07_05;IC;21;0,0198;1,0508;1,0707;0,0224
Panama;6;15_07_05;IC;22;0,0088;1,0732;0,0113;0,0584
Panama;6;15_07_05;IC;23;0,0177;1,1316;1,1494;0,0296
Panama;6;15_07_05;IC;24;0,0088;1,1612;1,1700;0,0475
Panama;6;15_07_05;IC;25;0,0157;1,2087;1,2244;0,0282
Panama;6;15_07_05;IC;26;0,0081;1,2369;1,2451;0,0470
Panama;6;15_07_05;IC;27;0,0171;1,2839;1,3011;0,0283
Panama;6;15_07_05;IC;28;0,0080;1,3122;1,3203;0,0483
Panama;6;15_07_05;IC;29;0,0192;1,3605;1,3797;0,0311
Panama;6;15_07_05;IC;30;0,0088;1,3916;1,4004;0,0620
Panama;6;15_07_05;IC;31;0,0157;1,4536;1,4694;0,0304
Panama;6;15_07_05;IC;32;0,0143;1,4840;1,4983;0,0311
Panama;6;15_07_05;IC;33;0,0067;1,5151;1,5219;0,0613
Panama;6;15_07_05;IC;34;0,0116;1,5764;1,5880;0,0352
Panama;6;15_07_05;IC;35;0,0081;1,6116;1,6198;0,0600
Panama;6;15_07_05;IC;36;0,0129;1,6716;1,6846;0,0297
Panama;6;15_07_05;IC;37;0,0135;1,7013;1,7149;0,0890
Panama;6;15_07_05;IC;38;0,0171;1,7903;1,8074;0,0904
Panama;6;15_07_05;IC;39;0,0108;1,8807;1,8915;0,0869
Panama;6;15_07_05;IC;40;0,0171;1,9676;1,9847;
Panama;8;15_06_25;IC;1;0,0104;0,0160;0,0264;0,0652
Panama;8;15_06_25;IC;2;0,0170;0,0812;0,0983;0,0642
Panama;8;15_06_25;IC;3;0,0170;0,1454;0,1624;0,0754
Panama;8;15_06_25;IC;4;0,0175;0,2208;0,2383;0,0707
Panama;8;15_06_25;IC;5;0,0202;0,2915;0,3118;0,0724
Panama;8;15_06_25;IC;6;0,0202;0,3639;0,3841;0,0692
Panama;8;15_06_25;IC;7;0,0170;0,4331;0,4501;0,0772
Panama;8;15_06_25;IC;8;0,0250;0,5103;0,5354;0,0529
Panama;8;15_06_25;IC;9;0,0062;0,5632;0,5694;0,0602
Panama;8;15_06_25;IC;10;0,0336;0,6234;0,6571;0,0515
Panama;8;15_06_25;IC;11;0,0062;0,6749;0,6812;0,0593
Panama;8;15_06_25;IC;12;0,0373;0,7342;0,7715;0,0536
Panama;8;15_06_25;IC;13;0,0057;0,7878;0,7936;0,0603
Panama;8;15_06_25;IC;14;0,0418;0,8481;0,8899;0,0559
Panama;8;15_06_25;IC;15;0,0069;0,9040;0,9109;0,0560
Panama;8;15_06_25;IC;16;0,0405;0,9600;1,0005;0,0533
Panama;8;15_06_25;IC;17;0,0060;1,0133;1,0193;0,0553
Panama;8;15_06_25;IC;18;0,0354;1,0686;1,1041;0,0544
Panama;8;15_06_25;IC;19;0,0062;1,1230;1,1293;0,0616
Panama;8;15_06_25;IC;20;0,0403;1,1846;1,2249;0,0572
Panama;8;15_06_25;IC;21;0,0064;1,2418;1,2482;0,0606
Panama;8;15_06_25;IC;22;0,0399;1,3024;1,3423;0,0556
Panama;8;15_06_25;IC;23;0,0056;1,3580;1,3637;0,0647
Panama;8;15_06_25;IC;24;0,0276;1,4227;1,4503;0,0852
Panama;8;15_06_25;IC;25;0,0165;1,5079;1,5244;
Panama;10;15_07_18;IC;1;0,0140;0,3614;0,3755;0,0636
Panama;10;15_07_18;IC;2;0,0157;0,4250;0,4408;0,0626
Panama;10;15_07_18;IC;3;0,0317;0,4876;0,5194;0,0407
Panama;10;15_07_18;IC;4;0,0079;0,5283;0,5363;0,0624
Panama;10;15_07_18;IC;5;0,0273;0,5907;0,6181;0,0348
Panama;10;15_07_18;IC;6;0,0089;0,6255;0,6344;0,0601
Panama;10;15_07_18;IC;7;0,0358;0,6856;0,7215;0,0556
Panama;10;15_07_18;IC;8;0,0058;0,7412;0,7471;0,0527
Panama;10;15_07_18;IC;9;0,0090;0,7939;0,8030;0,0206
Panama;10;15_07_18;IC;10;0,0157;0,8145;0,8303;0,0290
Panama;10;15_07_18;IC;11;0,0076;0,8435;0,8512;0,0216
Panama;10;15_07_18;IC;12;0,0038;0,8651;0,8689;0,0152
Panama;10;15_07_18;IC;13;0,0025;0,8803;0,8829;0,0126
Panama;10;15_07_18;IC;14;0,0007;0,8929;0,8936;
Costa Rica;11;16_06_04;IC;1;0,0166;0,0218;0,0385;0,0688
Costa Rica;11;16_06_04;IC;2;0,0253;0,0906;0,1159;0,0518
Costa Rica;11;16_06_04;IC;3;0,0078;0,1424;0,1502;0,0775
Costa Rica;11;16_06_04;IC;4;0,0193;0,2199;0,2392;0,0550
Costa Rica;11;16_06_04;IC;5;0,0078;0,2749;0,2827;0,0726
Costa Rica;11;16_06_04;IC;6;0,0200;0,3475;0,3676;0,0418
Costa Rica;11;16_06_04;IC;7;0,0069;0,3893;0,3962;0,0647
Costa Rica;11;16_06_04;IC;8;0,0183;0,4540;0,4723;0,0400
Costa Rica;11;16_06_04;IC;9;0,0078;0,4940;0,5018;0,0672
Costa Rica;11;16_06_04;IC;10;0,0231;0,5612;0,5844;0,0524
Costa Rica;11;16_06_04;IC;11;0,0074;0,6136;0,6210;0,0392
Costa Rica;11;16_06_04;IC;12;0,0069;0,6528;0,6597;
Costa Rica;13;16_07_06;IC;1;0,0129;0,1638;0,1767;0,0922
Costa Rica;13;16_07_06;IC;2;0,0176;0,2560;0,2736;0,0997
Costa Rica;13;16_07_06;IC;3;0,0171;0,3557;0,3728;0,0647
Costa Rica;13;16_07_06;IC;4;0,0206;0,4204;0,4410;0,0432
Costa Rica;13;16_07_06;IC;5;0,0083;0,4636;0,4719;0,0620
Costa Rica;13;16_07_06;IC;6;0,0326;0,5256;0,5583;0,0432
Costa Rica;13;16_07_06;IC;7;0,0088;0,5688;0,5776;0,0649
Costa Rica;13;16_07_06;IC;8;0,0337;0,6337;0,6675;0,0434
Costa Rica;13;16_07_06;IC;9;0,0092;0,6771;0,6863;0,0599
Costa Rica;13;16_07_06;IC;10;0,0341;0,7370;0,7712;0,0411
Costa Rica;13;16_07_06;IC;11;0,0094;0,7781;0,7875;0,0540
Costa Rica;13;16_07_06;IC;12;0,0409;0,8321;0,8730;0,0494
Costa Rica;13;16_07_06;IC;13;0,0094;0,8815;0,8910;0,0566
Costa Rica;13;16_07_06;IC;14;0,0373;0,9381;0,9754;0,0464
Costa Rica;13;16_07_06;IC;15;0,0099;0,9845;0,9945;0,0574
Costa Rica;13;16_07_06;IC;16;0,0404;1,0419;1,0823;0,0482
Costa Rica;13;16_07_06;IC;17;0,0097;1,0901;1,0999;0,0959
Costa Rica;13;16_07_06;IC;18;0,0272;1,1860;1,2133;0,0882
Costa Rica;13;16_07_06;IC;19;0,0395;1,2742;1,3137;0,0471
Costa Rica;13;16_07_06;IC;20;0,0088;1,3213;1,3301;0,0614
Costa Rica;13;16_07_06;IC;21;0,0487;1,3827;1,4315;0,0539
Costa Rica;13;16_07_06;IC;22;0,0094;1,4366;1,4461;0,0595
Costa Rica;13;16_07_06;IC;23;0,0666;1,4961;1,5628;0,1081
Costa Rica;13;16_07_06;IC;24;0,0346;1,6042;1,6389;0,0390
Costa Rica;13;16_07_06;IC;25;0,0060;1,6432;1,6492;0,0146
Costa Rica;13;16_07_06;IC;26;0,0039;1,6578;1,6618;0,0104
Costa Rica;13;16_07_06;IC;27;0,0034;1,6682;1,6716;0,0089
Costa Rica;13;16_07_06;IC;28;0,0037;1,6771;1,6808;0,0162
Costa Rica;13;16_07_06;IC;29;0,0019;1,6933;1,6952;
Costa Rica;15;16_06_26;IC;1;0,0138;0,1241;0,1379;0,0698
Costa Rica;15;16_06_26;IC;2;0,0200;0,1939;0,2140;0,0737
Costa Rica;15;16_06_26;IC;3;0,0325;0,2676;0,3001;0,0468
Costa Rica;15;16_06_26;IC;4;0,0069;0,3144;0,3214;0,0575
Costa Rica;15;16_06_26;IC;5;0,0211;0,3719;0,3930;0,0694
Costa Rica;15;16_06_26;IC;6;0,0275;0,4413;0,4688;0,1083
Costa Rica;15;16_06_26;IC;7;0,0142;0,5496;0,5638;0,0760
Costa Rica;15;16_06_26;IC;8;0,0243;0,6256;0,6499;0,1001
Costa Rica;15;16_06_26;IC;9;0,0227;0,7257;0,7485;0,0974
Costa Rica;15;16_06_26;IC;10;0,0186;0,8231;0,8418;0,0933
Costa Rica;15;16_06_26;IC;11;0,0231;0,9164;0,9396;0,1008
Costa Rica;15;16_06_26;IC;12;0,0220;1,0172;1,0392;0,0960
Costa Rica;15;16_06_26;IC;13;0,0224;1,1132;1,1356;0,0970
Costa Rica;15;16_06_26;IC;14;0,0200;1,2102;1,2303;0,0948
Costa Rica;15;16_06_26;IC;15;0,0224;1,3050;1,3274;0,0872
Costa Rica;15;16_06_26;IC;16;0,0229;1,3922;1,4151;0,0974
Costa Rica;15;16_06_26;IC;17;0,0360;1,4896;1,5257;0,0516
Costa Rica;15;16_06_26;IC;18;0,0072;1,5412;1,5485;0,0796
Costa Rica;15;16_06_26;IC;19;0,0394;1,6208;1,6602;0,0549
Costa Rica;15;16_06_26;IC;20;0,0056;1,6757;1,6814;0,0781
Costa Rica;15;16_06_26;IC;21;0,0412;1,7538;1,7950;0,0554
Costa Rica;15;16_06_26;IC;22;0,0057;1,8092;1,8150;0,0709
Costa Rica;15;16_06_26;IC;23;0,0367;1,8801;1,9169;0,0501
Costa Rica;15;16_06_26;IC;24;0,0053;1,9302;1,9356;0,0795
Costa Rica;15;16_06_26;IC;25;0,0314;2,0097;2,0412;0,0427
Costa Rica;15;16_06_26;IC;26;0,0048;2,0524;2,0573;0,0754
Costa Rica;15;16_06_26;IC;27;0,0376;2,1278;2,1655;0,0841
Costa Rica;15;16_06_26;IC;28;0,0318;2,2119;2,2438;0,0437
Costa Rica;15;16_06_26;IC;29;0,0042;2,2556;2,2598;0,0231
Costa Rica;15;16_06_26;IC;30;0,0015;2,2787;2,2803;
Panama;2;15_06_30;neutral;1;0,0110;0,0704;0,0814;0,0702
Panama;2;15_06_30;neutral;2;0,0084;0,1406;0,1491;0,0777
Panama;2;15_06_30;neutral;3;0,0113;0,2183;0,2297;0,0702
Panama;2;15_06_30;neutral;4;0,0110;0,2885;0,2995;0,0681
Panama;2;15_06_30;neutral;5;0,0110;0,3566;0,3676;0,0647
Panama;2;15_06_30;neutral;6;0,0119;0,4213;0,4332;0,0633
Panama;2;15_06_30;neutral;7;0,0116;0,4846;0,4962;0,0615
Panama;2;15_06_30;neutral;8;0,0116;0,5461;0,5578;0,0671
Panama;2;15_06_30;neutral;9;0,0117;0,6132;0,6250;0,0677
Panama;2;15_06_30;neutral;10;0,0112;0,6809;0,6922;0,0664
Panama;2;15_06_30;neutral;11;0,0110;0,7473;0,7584;0,0738
Panama;2;15_06_30;neutral;12;0,0111;0,8211;0,8322;0,0731
Panama;2;15_06_30;neutral;13;0,0108;0,8942;0,9050;0,0737
Panama;2;15_06_30;neutral;14;0,0104;0,9679;0,9784;0,0740
Panama;2;15_06_30;neutral;15;0,0102;1,0419;1,0521;
Panama;5;15_07_20;neutral;1;0,0098;0,0906;0,1004;0,0795
Panama;5;15_07_20;neutral;2;0,0120;0,1701;0,1821;0,0791
Panama;5;15_07_20;neutral;3;0,0110;0,2492;0,2602;0,0809
Panama;5;15_07_20;neutral;4;0,0116;0,3301;0,3417;0,0825
Panama;5;15_07_20;neutral;5;0,0099;0,4126;0,4226;0,0746
Panama;5;15_07_20;neutral;6;0,0096;0,4872;0,4968;0,0655
Panama;5;15_07_20;neutral;7;0,0087;0,5527;0,5614;0,0416
Panama;5;15_07_20;neutral;8;0,0052;0,5943;0,5995;0,0526
Panama;5;15_07_20;neutral;9;0,0060;0,6469;0,6529;0,0225
Panama;5;15_07_20;neutral;10;0,0020;0,6694;0,6714;0,0175
Panama;5;15_07_20;neutral;11;0,0030;0,6869;0,6900;0,0930
Panama;5;15_07_20;neutral;12;0,0089;0,7799;0,7888;0,0693
Panama;5;15_07_20;neutral;13;0,0084;0,8492;0,8577;0,0821
Panama;5;15_07_20;neutral;14;0,0098;0,9313;0,9411;0,0969
Panama;5;15_07_20;neutral;15;0,0087;1,0282;1,0369;0,1163
Panama;5;15_07_20;neutral;16;0,0092;1,1445;1,1537;0,0981
Panama;5;15_07_20;neutral;17;0,0124;1,2426;1,2550;0,0874
Panama;5;15_07_20;neutral;18;0,0120;1,3300;1,3420;0,0806
Panama;5;15_07_20;neutral;19;0,0215;1,4106;1,4321;0,0890
Panama;5;15_07_20;neutral;20;0,0217;1,4996;1,5214;0,0867
Panama;5;15_07_20;neutral;21;0,0221;1,5863;1,6084;0,0871
Panama;5;15_07_20;neutral;22;0,0207;1,6734;1,6942;0,0887
Panama;5;15_07_20;neutral;23;0,0207;1,7621;1,7829;0,0926
Panama;5;15_07_20;neutral;24;0,0189;1,8547;1,8736;0,1250
Panama;5;15_07_20;neutral;25;0,0149;1,9797;1,9947;0,0572
Panama;5;15_07_20;neutral;26;0,0080;2,0369;2,0450;0,0832
Panama;5;15_07_20;neutral;27;0,0247;2,1201;2,1448;0,0488
Panama;5;15_07_20;neutral;28;0,0079;2,1689;2,1768;0,0767
Panama;5;15_07_20;neutral;29;0,0256;2,2456;2,2712;0,0503
Panama;5;15_07_20;neutral;30;0,0081;2,2959;2,3041;
Panama;6;15_07_05;neutral;1;0,0090;0,0353;0,0444;0,0939
Panama;6;15_07_05;neutral;2;0,0098;0,1292;0,1391;0,0776
Panama;6;15_07_05;neutral;3;0,0113;0,2068;0,2182;0,0694
Panama;6;15_07_05;neutral;4;0,0126;0,2762;0,2888;0,0669
Panama;6;15_07_05;neutral;5;0,0125;0,3431;0,3557;0,0647
Panama;6;15_07_05;neutral;6;0,0133;0,4078;0,4211;0,0661
Panama;6;15_07_05;neutral;7;0,0120;0,4739;0,4860;0,0667
Panama;6;15_07_05;neutral;8;0,0113;0,5406;0,5520;0,0636
Panama;6;15_07_05;neutral;9;0,0117;0,6042;0,6160;0,0597
Panama;6;15_07_05;neutral;10;0,0078;0,6639;0,6717;0,0287
Panama;6;15_07_05;neutral;11;0,0052;0,6926;0,6978;0,0483
Panama;6;15_07_05;neutral;12;0,0090;0,7409;0,7500;0,0336
Panama;6;15_07_05;neutral;13;0,0058;0,7745;0,7804;0,0646
Panama;6;15_07_05;neutral;14;0,0111;0,8391;0,8503;0,0734
Panama;6;15_07_05;neutral;15;0,0097;0,9125;0,9222;0,0784
Panama;6;15_07_05;neutral;16;0,0099;0,9909;1,0009;0,0805
Panama;6;15_07_05;neutral;17;0,0094;1,0714;1,0809;
Costa Rica;13;16_07_04;neutral;1;0,0098;0,0540;0,0638;0,0919
Costa Rica;13;16_07_04;neutral;2;0,0108;0,1459;0,1568;0,0797
Costa Rica;13;16_07_04;neutral;3;0,0116;0,2256;0,2373;0,0798
Costa Rica;13;16_07_04;neutral;4;0,0136;0,3054;0,3191;0,0811
Costa Rica;13;16_07_04;neutral;5;0,0126;0,3865;0,3992;0,0759
Costa Rica;13;16_07_04;neutral;6;0,0124;0,4624;0,4748;0,0801
Costa Rica;13;16_07_04;neutral;7;0,0116;0,5425;0,5542;0,0726
Costa Rica;13;16_07_04;neutral;8;0,0170;0,6151;0,6321;0,0776
Costa Rica;13;16_07_04;neutral;9;0,0166;0,6927;0,7093;0,0845
Costa Rica;13;16_07_04;neutral;10;0,0136;0,7772;0,7909;0,0885
Costa Rica;13;16_07_04;neutral;11;0,0176;0,8657;0,8834;0,0895
Costa Rica;13;16_07_04;neutral;12;0,0224;0,9552;0,9776;0,0919
Costa Rica;13;16_07_04;neutral;13;0,0218;1,0471;1,0690;0,1010
Costa Rica;13;16_07_04;neutral;14;0,0119;1,1481;1,1600;0,0883
Costa Rica;13;16_07_04;neutral;15;0,0112;1,2364;1,2477;0,0841
Costa Rica;13;16_07_04;neutral;16;0,0115;1,3205;1,3320;0,0827
Costa Rica;13;16_07_04;neutral;17;0,0120;1,4032;1,4152;0,0835
Costa Rica;13;16_07_04;neutral;18;0,0108;1,4867;1,4976;0,0805
Costa Rica;13;16_07_04;neutral;19;0,0108;1,5672;1,5781;0,0754
Costa Rica;13;16_07_04;neutral;20;0,0090;1,6426;1,6517;0,0728
Costa Rica;13;16_07_04;neutral;21;0,0096;1,7154;1,7250;0,0645
Costa Rica;13;16_07_04;neutral;22;0,0102;1,7799;1,7902;0,0616
Costa Rica;13;16_07_04;neutral;23;0,0112;1,8415;1,8528;0,0384
Costa Rica;13;16_07_04;neutral;24;0,0062;1,8799;1,8862;0,0530
Costa Rica;13;16_07_04;neutral;25;0,0112;1,9329;1,9441;0,0299
Costa Rica;13;16_07_04;neutral;26;0,0052;1,9628;1,9681;0,0164
Costa Rica;13;16_07_04;neutral;27;0,0030;1,9792;1,9823;0,0124
Costa Rica;13;16_07_04;neutral;28;0,0030;1,9916;1,9947;0,0118
Costa Rica;13;16_07_04;neutral;29;0,0020;2,0034;2,0055;
Costa Rica;15;16_06_26;neutral;1;0,0101;0,0546;0,0647;0,0933
Costa Rica;15;16_06_26;neutral;2;0,0107;0,1479;0,1587;0,1305
Costa Rica;15;16_06_26;neutral;3;0,0046;0,2784;0,2830;0,1102
Costa Rica;15;16_06_26;neutral;4;0,0113;0,3886;0,4000;0,0882
Costa Rica;15;16_06_26;neutral;5;0,0163;0,4768;0,4931;0,1021
Costa Rica;15;16_06_26;neutral;6;0,0180;0,5789;0,5969;0,1098
Costa Rica;15;16_06_26;neutral;7;0,0085;0,6887;0,6973;0,0958
Costa Rica;15;16_06_26;neutral;8;0,0093;0,7845;0,7938;0,0949
Costa Rica;15;16_06_26;neutral;9;0,0080;0,8794;0,8875;0,0889
Costa Rica;15;16_06_26;neutral;10;0,0087;0,9683;0,9770;0,0892
Costa Rica;15;16_06_26;neutral;11;0,0097;1,0575;1,0672;0,0875
Costa Rica;15;16_06_26;neutral;12;0,0080;1,1450;1,1531;0,0825
Costa Rica;15;16_06_26;neutral;13;0,0084;1,2275;1,2359;0,0676
Costa Rica;15;16_06_26;neutral;14;0,0225;1,2951;1,3176;0,0743
Costa Rica;15;16_06_26;neutral;15;0,0229;1,3694;1,3923;0,0744
Costa Rica;15;16_06_26;neutral;16;0,0211;1,4438;1,4649;0,0782
Costa Rica;15;16_06_26;neutral;17;0,0174;1,5220;1,5394;0,0700
Costa Rica;15;16_06_26;neutral;18;0,0163;1,5920;1,6084;0,0689
Costa Rica;15;16_06_26;neutral;19;0,0218;1,6609;1,6828;0,0683
Costa Rica;15;16_06_26;neutral;20;0,0204;1,7292;1,7497;0,0450
Costa Rica;15;16_06_26;neutral;21;0,0056;1,7742;1,7798;0,0618
Costa Rica;15;16_06_26;neutral;22;0,0305;1,8360;1,8666;0,0486
Costa Rica;15;16_06_26;neutral;23;0,0049;1,8846;1,8896;0,0241
Costa Rica;15;16_06_26;neutral;24;0,0035;1,9087;1,9123;0,0185
Costa Rica;15;16_06_26;neutral;25;0,0023;1,9272;1,9296;0,0173
Costa Rica;15;16_06_26;neutral;26;0,0028;1,9445;1,9473;
Costa Rica;19;16_06_23;neutral;1;0,0295;0,0792;0,1088;0,1211
Costa Rica;19;16_06_23;neutral;2;0,0280;0,2003;0,2283;0,2291
Costa Rica;19;16_06_23;neutral;3;0,0160;0,4294;0,4454;0,1139
Costa Rica;19;16_06_23;neutral;4;0,0147;0,5433;0,5580;0,1070
Costa Rica;19;16_06_23;neutral;5;0,0180;0,6503;0,6684;0,1031
Costa Rica;19;16_06_23;neutral;6;0,0130;0,7534;0,7664;0,0195
Costa Rica;19;16_06_23;neutral;7;0,0154;0,7729;0,7884;0,1037
Costa Rica;19;16_06_23;neutral;8;0,0171;0,8766;0,8938;0,0808
Costa Rica;19;16_06_23;neutral;9;0,0285;0,9574;0,9859;0,0934
Costa Rica;19;16_06_23;neutral;10;0,0245;1,0508;1,0754;0,0918
Costa Rica;19;16_06_23;neutral;11;0,0211;1,1426;1,1637;0,0804
Costa Rica;19;16_06_23;neutral;12;0,0198;1,2230;1,2428;0,0774
Costa Rica;19;16_06_23;neutral;13;0,0143;1,3004;1,3148;0,0699
Costa Rica;19;16_06_23;neutral;14;0,0227;1,3703;1,3931;0,0352
Costa Rica;19;16_06_23;neutral;15;0,0044;1,4055;1,4100;0,0195
Costa Rica;19;16_06_23;neutral;16;0,0037;1,4250;1,4287;
Panama;3;15_06_23;UPS;1;0,0327;0,0483;0,0811;0,1220
Panama;3;15_06_23;UPS;2;0,0423;0,1703;0,2127;0,1170
Panama;3;15_06_23;UPS;3;0,0390;0,2873;0,3264;0,1292
Panama;3;15_06_23;UPS;4;0,0332;0,4165;0,4497;0,1376
Panama;3;15_06_23;UPS;5;0,0175;0,5541;0,5716;0,1154
Panama;3;15_06_23;UPS;6;0,0275;0,6695;0,6970;0,1330
Panama;3;15_06_23;UPS;7;0,0167;0,8025;0,8193;0,1224
Panama;3;15_06_23;UPS;8;0,0193;0,9249;0,9442;0,1029
Panama;3;15_06_23;UPS;9;0,0346;1,0278;1,0625;0,2793
Panama;3;15_06_23;UPS;10;0,0175;1,3071;1,3246;0,2579
Panama;3;15_06_23;UPS;11;0,0235;1,5650;1,5886;0,1316
Panama;3;15_06_23;UPS;12;0,0195;1,6966;1,7162;0,1364
Panama;3;15_06_23;UPS;13;0,0135;1,8330;1,8466;0,1437
Panama;3;15_06_23;UPS;14;0,0129;1,9767;1,9896;0,1460
Panama;3;15_06_23;UPS;15;0,0163;2,1227;2,1391;0,1578
Panama;3;15_06_23;UPS;16;0,0120;2,2805;2,2926;0,1538
Panama;3;15_06_23;UPS;17;0,0106;2,4343;2,4449;0,0945
Panama;3;15_06_23;UPS;18;0,0339;2,5288;2,5628;0,1223
Panama;3;15_06_23;UPS;19;0,0381;2,6511;2,6892;
Panama;3;15_06_23;UPS;1;0,0364;0,0465;0,0830;0,2000
Panama;3;15_06_23;UPS;2;0,0294;0,2465;0,2759;0,1121
Panama;3;15_06_23;UPS;3;0,0395;0,3586;0,3982;0,1009
Panama;3;15_06_23;UPS;4;0,0380;0,4595;0,4975;0,1072
Panama;3;15_06_23;UPS;5;0,0505;0,5667;0,6173;0,1242
Panama;3;15_06_23;UPS;6;0,0459;0,6909;0,7368;0,1181
Panama;3;15_06_23;UPS;7;0,0334;0,8090;0,8424;0,1037
Panama;3;15_06_23;UPS;8;0,0337;0,9127;0,9465;
Panama;9;15_07_05;UPS;1;0,0340;0,3448;0,3788;0,1000
Panama;9;15_07_05;UPS;2;0,0472;0,4448;0,4920;0,1204
Panama;9;15_07_05;UPS;3;0,0419;0,5652;0,6072;0,1125
Panama;9;15_07_05;UPS;4;0,0531;0,6777;0,7308;0,1249
Panama;9;15_07_05;UPS;5;0,0524;0,8026;0,8551;0,1329
Panama;9;15_07_05;UPS;6;0,0380;0,9355;0,9735;0,1373
Panama;9;15_07_05;UPS;7;0,0610;1,0728;1,1339;0,1516
Panama;9;15_07_05;UPS;8;0,0348;1,2244;1,2592;0,1382
Panama;9;15_07_05;UPS;9;0,0604;1,3626;1,4231;0,1461
Panama;9;15_07_05;UPS;10;0,0446;1,5087;1,5534;0,1389
Panama;9;15_07_05;UPS;11;0,0419;1,6476;1,6896;0,1355
Panama;9;15_07_05;UPS;12;0,0426;1,7831;1,8257;0,1316
Panama;9;15_07_05;UPS;13;0,0380;1,9147;1,9527;
Costa Rica;14;16_06_26;UPS;1;0,0067;0,0808;0,0876;0,0749
Costa Rica;14;16_06_26;UPS;2;0,0335;0,1557;0,1893;0,0497
Costa Rica;14;16_06_26;UPS;3;0,0060;0,2054;0,2114;0,1070
Costa Rica;14;16_06_26;UPS;4;0,0058;0,3124;0,3183;0,0214
Costa Rica;14;16_06_26;UPS;5;0,0060;0,3338;0,3398;0,0932
Costa Rica;14;16_06_26;UPS;6;0,0158;0,4270;0,4428;0,0313
Costa Rica;14;16_06_26;UPS;7;0,0074;0,4583;0,4657;0,0818
Costa Rica;14;16_06_26;UPS;8;0,0296;0,5401;0,5698;0,0428
Costa Rica;14;16_06_26;UPS;9;0,0060;0,5829;0,5889;0,0764
Costa Rica;14;16_06_26;UPS;10;0,0343;0,6593;0,6936;0,0466
Costa Rica;14;16_06_26;UPS;11;0,0060;0,7059;0,7119;0,0792
Costa Rica;14;16_06_26;UPS;12;0,0362;0,7851;0,8213;0,1005
Costa Rica;14;16_06_26;UPS;13;0,0400;0,8856;0,9256;0,0516
Costa Rica;14;16_06_26;UPS;14;0,0060;0,9372;0,9432;0,0784
Costa Rica;14;16_06_26;UPS;15;0,0341;1,0156;1,0498;0,0447
Costa Rica;14;16_06_26;UPS;16;0,0060;1,0603;1,0663;0,0722
Costa Rica;14;16_06_26;UPS;17;0,0395;1,1325;1,1720;0,1001
Costa Rica;14;16_06_26;UPS;18;0,0460;1,2326;1,2787;0,1073
Costa Rica;14;16_06_26;UPS;19;0,0491;1,3399;1,3890;0,1198
Costa Rica;14;16_06_26;UPS;20;0,0372;1,4597;1,4969;0,1033
Costa Rica;14;16_06_26;UPS;21;0,0381;1,5630;1,6011;0,1065
Costa Rica;14;16_06_26;UPS;22;0,0377;1,6695;1,7072;0,1139
Costa Rica;14;16_06_26;UPS;23;0,0267;1,7834;1,8101;0,0924
Costa Rica;14;16_06_26;UPS;24;0,0378;1,8758;1,9137;0,0937
Costa Rica;14;16_06_26;UPS;25;0,0468;1,9695;2,0163;0,1019
Costa Rica;14;16_06_26;UPS;26;0,0410;2,0714;2,1125;0,0996
Costa Rica;14;16_06_26;UPS;27;0,0450;2,1710;2,2160;0,1020
Costa Rica;14;16_06_26;UPS;28;0,0430;2,2730;2,3160;0,1058
Costa Rica;14;16_06_26;UPS;29;0,0398;2,3788;2,4186;0,0997
Costa Rica;14;16_06_26;UPS;30;0,0389;2,4785;2,5175;0,0967
Costa Rica;14;16_06_26;UPS;31;0,0440;2,5752;2,6192;0,0918
Costa Rica;14;16_06_26;UPS;32;0,0052;2,6670;2,6722;0,0192
Costa Rica;14;16_06_26;UPS;33;0,0307;2,6862;2,7169;0,0862
Costa Rica;14;16_06_26;UPS;34;0,0426;2,7724;2,8151;0,0880
Costa Rica;14;16_06_26;UPS;35;0,0052;2,8604;2,8656;0,0101
Costa Rica;14;16_06_26;UPS;36;0,0363;2,8705;2,9068;0,0865
Costa Rica;14;16_06_26;UPS;37;0,0419;2,9570;2,9990;0,0924
Costa Rica;14;16_06_26;UPS;38;0,0404;3,0494;3,0899;0,1237
Costa Rica;14;16_06_26;UPS;39;0,0102;3,1731;3,1833;0,0745
Costa Rica;14;16_06_26;UPS;40;0,0133;3,2476;3,2609;0,0880
Costa Rica;14;16_06_26;UPS;41;0,0284;3,3356;3,3640;0,0848
Costa Rica;14;16_06_26;UPS;42;0,0414;3,4204;3,4618;0,1067
Costa Rica;14;16_06_26;UPS;43;0,0270;3,5271;3,5541;0,1014
Costa Rica;14;16_06_26;UPS;44;0,0288;3,6285;3,6573;0,0884
Costa Rica;14;16_06_26;UPS;45;0,0394;3,7169;3,7564;0,0951
Costa Rica;14;16_06_26;UPS;46;0,0313;3,8120;3,8434;0,0930
Costa Rica;14;16_06_26;UPS;47;0,0448;3,9050;3,9498;0,0550
Costa Rica;14;16_06_26;UPS;48;0,0087;3,9600;3,9687;0,0406
Costa Rica;14;16_06_26;UPS;49;0,0368;4,0006;4,0375;0,0485
Costa Rica;14;16_06_26;UPS;50;0,0055;4,0491;4,0546;0,0534
Costa Rica;14;16_06_26;UPS;51;0,0316;4,1025;4,1341;0,0484
Costa Rica;14;16_06_26;UPS;52;0,0055;4,1509;4,1564;0,0573
Costa Rica;14;16_06_26;UPS;53;0,0359;4,2082;4,2442;0,0502
Costa Rica;14;16_06_26;UPS;54;0,0040;4,2584;4,2625;0,0228
Costa Rica;14;16_06_26;UPS;55;0,0028;4,2812;4,2840;0,0160
Costa Rica;14;16_06_26;UPS;56;0,0025;4,2972;4,2997;0,0146
Costa Rica;14;16_06_26;UPS;57;0,0028;4,3118;4,3146;0,0130
Costa Rica;14;16_06_26;UPS;58;0,0033;4,3248;4,3281;0,0126
Costa Rica;14;16_06_26;UPS;59;0,0030;4,3374;4,3404;0,0115
Costa Rica;14;16_06_26;UPS;60;0,0020;4,3489;4,3509;0,0092
Costa Rica;14;16_06_26;UPS;61;0,0025;4,3581;4,3607;0,0106
Costa Rica;14;16_06_26;UPS;62;0,0015;4,3687;4,3703;0,0100
Costa Rica;14;16_06_26;UPS;63;0,0017;4,3787;4,3805;0,0093
Costa Rica;14;16_06_26;UPS;64;0,0017;4,3880;4,3898;0,0095
Costa Rica;14;16_06_26;UPS;65;0,0015;4,3975;4,3991;0,0097
Costa Rica;14;16_06_26;UPS;66;0,0017;4,4072;4,4090;0,0107
Costa Rica;14;16_06_26;UPS;67;0,0010;4,4179;4,4189;0,0100
Costa Rica;14;16_06_26;UPS;68;0,0015;4,4279;4,4294;0,0103
Costa Rica;14;16_06_26;UPS;69;0,0015;4,4382;4,4398;
Costa Rica;19;16_06_23;UPS;1;0,0262;0,0915;0,1177;0,0823
Costa Rica;19;16_06_23;UPS;2;0,0362;0,1738;0,2100;0,1006
Costa Rica;19;16_06_23;UPS;3;0,0605;0,2744;0,3349;0,0708
Costa Rica;19;16_06_23;UPS;4;0,0099;0,3452;0,3552;0,1298
Costa Rica;19;16_06_23;UPS;5;0,0099;0,4750;0,4849;0,1154
Costa Rica;19;16_06_23;UPS;6;0,0083;0,5904;0,5987;0,1028
Costa Rica;19;16_06_23;UPS;7;0,0115;0,6932;0,7047;0,0997
Costa Rica;19;16_06_23;UPS;8;0,0148;0,7929;0,8078;0,0730
Costa Rica;19;16_06_23;UPS;9;0,0403;0,8659;0,9062;0,0893
Costa Rica;19;16_06_23;UPS;10;0,0494;0,9552;1,0046;0,0982
Costa Rica;19;16_06_23;UPS;11;0,0391;1,0534;1,0926;0,0993
Costa Rica;19;16_06_23;UPS;12;0,0290;1,1527;1,1818;0,0739
Costa Rica;19;16_06_23;UPS;13;0,0371;1,2266;1,2637;0,0833
Costa Rica;19;16_06_23;UPS;14;0,0334;1,3099;1,3433;0,0760
Costa Rica;19;16_06_23;UPS;15;0,0387;1,3859;1,4247;0,0818
Costa Rica;19;16_06_23;UPS;16;0,0339;1,4677;1,5016;0,0784
Costa Rica;19;16_06_23;UPS;17;0,0318;1,5461;1,5779;0,0777
Costa Rica;19;16_06_23;UPS;18;0,0334;1,6238;1,6572;0,0734
Costa Rica;19;16_06_23;UPS;19;0,0359;1,6972;1,7332;0,0425
Costa Rica;19;16_06_23;UPS;20;0,0084;1,7397;1,7482;0,0492
Costa Rica;19;16_06_23;UPS;21;0,0446;1,7889;1,8336;0,0559
Costa Rica;19;16_06_23;UPS;22;0,0040;1,8448;1,8489;
Costa Rica;19;16_07_07;UPS;1;0,0129;0,0550;0,0679;0,1112
Costa Rica;19;16_07_07;UPS;2;0,0218;0,1662;0,1881;0,1092
Costa Rica;19;16_07_07;UPS;3;0,0309;0,2754;0,3064;0,1047
Costa Rica;19;16_07_07;UPS;4;0,0394;0,3801;0,4195;0,1541
Costa Rica;19;16_07_07;UPS;5;0,0113;0,5342;0,5456;0,0813
Costa Rica;19;16_07_07;UPS;6;0,0414;0,6155;0,6570;0,1363
Costa Rica;19;16_07_07;UPS;7;0,0168;0,7518;0,7687;0,1610
Costa Rica;19;16_07_07;UPS;8;0,0289;0,9128;0,9418;0,0922
Costa Rica;19;16_07_07;UPS;9;0,0426;1,0050;1,0476;0,1088
Costa Rica;19;16_07_07;UPS;10;0,0409;1,1138;1,1548;0,1023
Costa Rica;19;16_07_07;UPS;11;0,0625;1,2161;1,2787;