population,pup_id,recording_date,syllable_train_type,syllable_position,syllable_duration,syllable_start,syllable_end,syllable_ioi,sequence
Panama,2,15_07_09,affiliative,1,0.0067,0.0405,0.0473,0.0738,1
Panama,2,15_07_09,affiliative,2,0.0386,0.1143,0.1529,0.1306,1
Panama,2,15_07_09,affiliative,3,0.0129,0.2449,0.2579,0.053,1
Panama,2,15_07_09,affiliative,4,0.0003,0.2979,0.2983,0.0026,1
Panama,2,15_07_09,affiliative,5,0.0168,0.3005,0.3174,0.0299,1
Panama,2,15_07_09,affiliative,6,0.0218,0.3304,0.3523,0.0969,1
Panama,2,15_07_09,affiliative,7,0.009,0.4273,0.4364,0.0427,1
Panama,2,15_07_09,affiliative,8,0.0234,0.47,0.4934,0.035,1
Panama,2,15_07_09,affiliative,9,0.0231,0.505,0.5282,0.1123,1
Panama,2,15_07_09,affiliative,10,0.0129,0.6173,0.6302,0.0319,1
Panama,2,15_07_09,affiliative,11,0.0023,0.6492,0.6515,0.0055,1
Panama,2,15_07_09,affiliative,12,0.0545,0.6547,0.7092,0.1409,1
Panama,2,15_07_09,affiliative,13,0.0143,0.7956,0.8099,0.0291,1
Panama,2,15_07_09,affiliative,14,0.0614,0.8247,0.8861,0.1297,1
Panama,2,15_07_09,affiliative,15,0.0053,0.9544,0.9598,0.0191,1
Panama,2,15_07_09,affiliative,16,0.0727,0.9735,1.0462,0.1302,1
Panama,2,15_07_09,affiliative,17,0.0028,1.1037,1.1065,0.0099,1
Panama,2,15_07_09,affiliative,18,0.0062,1.1136,1.1198,0.011,1
Panama,2,15_07_09,affiliative,19,0.0044,1.1246,1.129,0.0195,1
Panama,2,15_07_09,affiliative,20,0.0037,1.1441,1.1479,0.0067,1
Panama,2,15_07_09,affiliative,21,0.0069,1.1508,1.1577,0.0099,1
Panama,2,15_07_09,affiliative,22,0.0057,1.1607,1.1664,0.0097,1
Panama,2,15_07_09,affiliative,22,0.0384,1.1704,1.2088,0.2152,1
Panama,2,15_07_09,affiliative,23,0.0696,1.3856,1.4552,,1
Panama,8,15_07_09,affiliative,1,0.0025,0.1331,0.1356,0.1061,2
Panama,8,15_07_09,affiliative,2,0.0087,0.2392,0.2479,0.1165,2
Panama,8,15_07_09,affiliative,3,0.0097,0.3557,0.3654,0.108,2
Panama,8,15_07_09,affiliative,4,0.0096,0.4637,0.4733,0.108,2
Panama,8,15_07_09,affiliative,5,0.0089,0.5717,0.5807,0.1084,2
Panama,8,15_07_09,affiliative,6,0.0106,0.6801,0.6908,0.0589,2
Panama,8,15_07_09,affiliative,7,0.024,0.739,0.7631,0.0393,2
Panama,8,15_07_09,affiliative,8,0.0085,0.7783,0.7869,0.0556,2
Panama,8,15_07_09,affiliative,9,0.0327,0.8339,0.8666,0.0459,2
Panama,8,15_07_09,affiliative,10,0.0128,0.8798,0.8926,0.056,2
Panama,8,15_07_09,affiliative,11,0.0369,0.9358,0.9728,0.05,2
Panama,8,15_07_09,affiliative,12,0.0157,0.9858,1.0016,0.0539,2
Panama,8,15_07_09,affiliative,13,0.0419,1.0397,1.0817,0.052,2
Panama,8,15_07_09,affiliative,14,0.0102,1.0917,1.1019,0.0514,2
Panama,8,15_07_09,affiliative,15,0.04,1.1431,1.1832,0.0508,2
Panama,8,15_07_09,affiliative,16,0.0168,1.1939,1.2108,0.0539,2
Panama,8,15_07_09,affiliative,17,0.0517,1.2478,1.2995,0.0583,2
Panama,8,15_07_09,affiliative,18,0.0106,1.3061,1.3167,0.0558,2
Panama,8,15_07_09,affiliative,19,0.0569,1.3619,1.4188,0.0614,2
Panama,8,15_07_09,affiliative,20,0.0097,1.4233,1.433,0.0583,2
Panama,8,15_07_09,affiliative,21,0.0579,1.4816,1.5395,0.123,2
Panama,8,15_07_09,affiliative,22,0.0491,1.6046,1.6537,0.1766,2
Panama,8,15_07_09,affiliative,23,0.0151,1.7812,1.7963,0.0851,2
Panama,8,15_07_09,affiliative,24,0.0072,1.8663,1.8736,0.052,2
Panama,8,15_07_09,affiliative,25,0.0174,1.9183,1.9357,0.1746,2
Panama,8,15_07_09,affiliative,26,0.013,2.0929,2.1059,0.0676,2
Panama,8,15_07_09,affiliative,27,0.056,2.1605,2.2165,0.1219,2
Panama,8,15_07_09,affiliative,28,0.0538,2.2824,2.3363,0.116,2
Panama,8,15_07_09,affiliative,29,0.039,2.3984,2.4375,0.0981,2
Panama,8,15_07_09,affiliative,30,0.0419,2.4965,2.5384,0.104,2
Panama,8,15_07_09,affiliative,31,0.0436,2.6005,2.6442,0.1003,2
Panama,8,15_07_09,affiliative,32,0.05,2.7008,2.7508,0.1015,2
Panama,8,15_07_09,affiliative,33,0.0519,2.8023,2.8542,0.124,2
Panama,8,15_07_09,affiliative,34,0.0272,2.9263,2.9536,0.0861,2
Panama,8,15_07_09,affiliative,35,0.0618,3.0124,3.0743,0.1292,2
Panama,8,15_07_09,affiliative,36,0.012,3.1416,3.1536,0.0342,2
Panama,8,15_07_09,affiliative,37,0.0399,3.1758,3.2157,0.1047,2
Panama,8,15_07_09,affiliative,38,0.0097,3.2805,3.2902,0.0357,2
Panama,8,15_07_09,affiliative,39,0.033,3.3162,3.3492,0.0865,2
Panama,8,15_07_09,affiliative,40,0.0542,3.4027,3.457,0.0703,2
Panama,8,15_07_09,affiliative,41,0.0074,3.473,3.4804,0.0562,2
Panama,8,15_07_09,affiliative,42,0.0231,3.5292,3.5523,0.0556,2
Panama,8,15_07_09,affiliative,43,0.0144,3.5848,3.5993,0.0579,2
Panama,8,15_07_09,affiliative,44,0.029,3.6427,3.6718,0.0629,2
Panama,8,15_07_09,affiliative,45,0.0103,3.7056,3.7159,0.0727,2
Panama,8,15_07_09,affiliative,46,0.0185,3.7783,3.7968,0.0499,2
Panama,8,15_07_09,affiliative,47,0.0128,3.8282,3.841,0.1246,2
Panama,8,15_07_09,affiliative,48,0.0098,3.9528,3.9627,,2
Panama,10,15_07_08,affiliative,1,0.0088,0.0669,0.0757,0.0139,3
Panama,10,15_07_08,affiliative,2,0.0147,0.0808,0.0956,0.0698,3
Panama,10,15_07_08,affiliative,3,0.0467,0.1506,0.1973,0.0841,3
Panama,10,15_07_08,affiliative,4,0.0579,0.2347,0.2927,0.1055,3
Panama,10,15_07_08,affiliative,5,0.0584,0.3402,0.3987,0.1102,3
Panama,10,15_07_08,affiliative,6,0.0028,0.4504,0.4532,0.0173,3
Panama,10,15_07_08,affiliative,7,0.002,0.4677,0.4697,0.0056,3
Panama,10,15_07_08,affiliative,8,0.0034,0.4733,0.4768,0.0106,3
Panama,10,15_07_08,affiliative,9,0.0296,0.4839,0.5136,,3
Costa Rica,15,16_06_26,affiliative,1,0.036,0.0554,0.0915,0.1075,4
Costa Rica,15,16_06_26,affiliative,2,0.035,0.1629,0.198,0.1071,4
Costa Rica,15,16_06_26,affiliative,3,0.036,0.27,0.3061,0.1033,4
Costa Rica,15,16_06_26,affiliative,4,0.0273,0.3733,0.4007,0.0946,4
Costa Rica,15,16_06_26,affiliative,5,0.0277,0.4679,0.4957,0.0892,4
Costa Rica,15,16_06_26,affiliative,6,0.0243,0.5571,0.5815,0.0936,4
Costa Rica,15,16_06_26,affiliative,7,0.0064,0.6507,0.6571,0.0467,4
Costa Rica,15,16_06_26,affiliative,8,0.0115,0.6974,0.7089,0.0254,4
Costa Rica,15,16_06_26,affiliative,9,0.0057,0.7228,0.7285,0.0144,4
Costa Rica,15,16_06_26,affiliative,10,0.0034,0.7372,0.7407,0.0117,4
Costa Rica,15,16_06_26,affiliative,11,0.003,0.7489,0.752,0.0101,4
Costa Rica,15,16_06_26,affiliative,12,0.0032,0.759,0.7622,0.0102,4
Costa Rica,15,16_06_26,affiliative,13,0.002,0.7692,0.7713,0.0089,4
Costa Rica,15,16_06_26,affiliative,14,0.0026,0.7781,0.7808,0.0099,4
Costa Rica,15,16_06_26,affiliative,15,0.0021,0.788,0.7902,,4
Costa Rica,16,16_06_19,affiliative,1,0.0574,0.0934,0.1509,0.1162,5
Costa Rica,16,16_06_19,affiliative,2,0.0501,0.2096,0.2598,0.1022,5
Costa Rica,16,16_06_19,affiliative,3,0.0544,0.3118,0.3662,0.1117,5
Costa Rica,16,16_06_19,affiliative,4,0.06,0.4235,0.4835,0.1094,5
Costa Rica,16,16_06_19,affiliative,5,0.064,0.5329,0.5969,0.1058,5
Costa Rica,16,16_06_19,affiliative,6,0.0147,0.6387,0.6534,0.0316,5
Costa Rica,16,16_06_19,affiliative,8,0.029,0.6703,0.6993,0.0735,5
Costa Rica,16,16_06_19,affiliative,9,0.0171,0.7438,0.7609,0.0277,5
Costa Rica,16,16_06_19,affiliative,10,0.0417,0.7715,0.8133,0.0863,5
Costa Rica,16,16_06_19,affiliative,11,0.028,0.8578,0.8858,0.051,5
Costa Rica,16,16_06_19,affiliative,12,0.0143,0.9088,0.9231,0.0828,5
Costa Rica,16,16_06_19,affiliative,13,0.0288,0.9916,1.0204,0.0428,5
Costa Rica,16,16_06_19,affiliative,14,0.0234,1.0344,1.0579,0.0367,5
Costa Rica,16,16_06_19,affiliative,15,0.0074,1.0711,1.0785,0.0117,5
Costa Rica,16,16_06_19,affiliative,16,0.0048,1.0828,1.0877,0.0168,5
Costa Rica,16,16_06_19,affiliative,17,0.0017,1.0996,1.1014,0.0134,5
Costa Rica,16,16_06_19,affiliative,18,0.0033,1.113,1.1164,0.2627,5
Costa Rica,16,16_06_19,affiliative,19,0.0586,1.3757,1.4343,,5
Costa Rica,19,16_07_07,affiliative,1,0.0327,0.0334,0.0661,0.1488,6
Costa Rica,19,16_07_07,affiliative,2,0.0067,0.1822,0.189,0.0306,6
Costa Rica,19,16_07_07,affiliative,3,0.0258,0.2128,0.2387,0.1353,6
Costa Rica,19,16_07_07,affiliative,4,0.0194,0.3481,0.3676,0.0265,6
Costa Rica,19,16_07_07,affiliative,5,0.0399,0.3746,0.4145,0.1435,6
Costa Rica,19,16_07_07,affiliative,6,0.0559,0.5181,0.574,0.1494,6
Costa Rica,19,16_07_07,affiliative,7,0.0103,0.6675,0.6778,0.106,6
Costa Rica,19,16_07_07,affiliative,8,0.0113,0.7735,0.7848,0.0981,6
Costa Rica,19,16_07_07,affiliative,9,0.0112,0.8716,0.8829,0.0868,6
Costa Rica,19,16_07_07,affiliative,10,0.0104,0.9584,0.9689,0.0798,6
Costa Rica,19,16_07_07,affiliative,11,0.0104,1.0382,1.0487,0.0756,6
Costa Rica,19,16_07_07,affiliative,12,0.0154,1.1138,1.1293,0.074,6
Costa Rica,19,16_07_07,affiliative,13,0.0167,1.1878,1.2046,0.0719,6
Costa Rica,19,16_07_07,affiliative,14,0.0263,1.2597,1.2861,0.0734,6
Costa Rica,19,16_07_07,affiliative,15,0.0209,1.3331,1.3541,0.0422,6
Costa Rica,19,16_07_07,affiliative,16,0.0064,1.3753,1.3817,0.0597,6
Costa Rica,19,16_07_07,affiliative,17,0.0318,1.435,1.4668,0.0417,6
Costa Rica,19,16_07_07,affiliative,18,0.006,1.4767,1.4827,0.0626,6
Costa Rica,19,16_07_07,affiliative,19,0.0399,1.5393,1.5792,0.0517,6
Costa Rica,19,16_07_07,affiliative,20,0.0065,1.591,1.5975,0.0732,6
Costa Rica,19,16_07_07,affiliative,21,0.059,1.6642,1.7232,0.0749,6
Costa Rica,19,16_07_07,affiliative,22,0.0058,1.7391,1.745,0.0733,6
Costa Rica,19,16_07_07,affiliative,23,0.0709,1.8124,1.8833,0.0839,6
Costa Rica,19,16_07_07,affiliative,24,0.0051,1.8963,1.9014,0.0201,6
Costa Rica,19,16_07_07,affiliative,25,0.0037,1.9164,1.9201,,6
Panama,2,15_06_30,aggressive,1,0.0215,0.0215,0.043,0.0842,7
Panama,2,15_06_30,aggressive,2,0.0218,0.1057,0.1276,0.0895,7
Panama,2,15_06_30,aggressive,3,0.0247,0.1952,0.2199,0.0903,7
Panama,2,15_06_30,aggressive,4,0.0209,0.2855,0.3065,0.0795,7
Panama,2,15_06_30,aggressive,5,0.0303,0.365,0.3953,0.1089,7
Panama,2,15_06_30,aggressive,6,0.0369,0.4739,0.5109,0.0845,7
Panama,2,15_06_30,aggressive,7,0.0775,0.5584,0.636,0.131,7
Panama,2,15_06_30,aggressive,8,0.1024,0.6894,0.7918,0.1641,7
Panama,2,15_06_30,aggressive,9,0.1433,0.8535,0.9968,0.221,7
Panama,2,15_06_30,aggressive,10,0.1428,1.0745,1.2174,0.2319,7
Panama,2,15_06_30,aggressive,11,0.0852,1.3064,1.3917,,7
Panama,3,15_06_23,aggressive,1,0.0152,0.0527,0.0679,0.0968,8
Panama,3,15_06_23,aggressive,2,0.023,0.1495,0.1725,0.1021,8
Panama,3,15_06_23,aggressive,3,0.0249,0.2516,0.2766,0.101,8
Panama,3,15_06_23,aggressive,4,0.0253,0.3526,0.3779,0.1035,8
Panama,3,15_06_23,aggressive,5,0.0271,0.4561,0.4833,0.1027,8
Panama,3,15_06_23,aggressive,6,0.0302,0.5588,0.589,0.1055,8
Panama,3,15_06_23,aggressive,7,0.0263,0.6643,0.6906,0.109,8
Panama,3,15_06_23,aggressive,8,0.0298,0.7733,0.8032,0.1123,8
Panama,3,15_06_23,aggressive,9,0.0279,0.8856,0.9135,0.1098,8
Panama,3,15_06_23,aggressive,10,0.032,0.9954,1.0274,0.1187,8
Panama,3,15_06_23,aggressive,11,0.0299,1.1141,1.144,0.1262,8
Panama,3,15_06_23,aggressive,12,0.0348,1.2403,1.2751,0.1431,8
Panama,3,15_06_23,aggressive,13,0.0444,1.3834,1.4278,0.1636,8
Panama,3,15_06_23,aggressive,14,0.0495,1.547,1.5965,0.1909,8
Panama,3,15_06_23,aggressive,15,0.0549,1.7379,1.7928,0.2146,8
Panama,3,15_06_23,aggressive,16,0.0618,1.9525,2.0143,0.219,8
Panama,3,15_06_23,aggressive,17,0.0588,2.1715,2.2304,0.2624,8
Panama,3,15_06_23,aggressive,18,0.0494,2.4339,2.4833,0.2212,8
Panama,3,15_06_23,aggressive,19,0.0418,2.6551,2.6969,0.1436,8
Panama,3,15_06_23,aggressive,20,0.0556,2.7987,2.8544,0.1696,8
Panama,3,15_06_23,aggressive,21,0.0633,2.9683,3.0316,0.1638,8
Panama,3,15_06_23,aggressive,22,0.0732,3.1321,3.2053,,8
Panama,8,15_06_30,aggressive,1,0.0131,0.1696,0.1827,0.0459,9
Panama,8,15_06_30,aggressive,2,0.0102,0.2155,0.2257,0.1117,9
Panama,8,15_06_30,aggressive,3,0.0108,0.3272,0.3381,0.0799,9
Panama,8,15_06_30,aggressive,4,0.0302,0.4071,0.4373,0.0769,9
Panama,8,15_06_30,aggressive,5,0.0309,0.484,0.515,0.0934,9
Panama,8,15_06_30,aggressive,6,0.0176,0.5774,0.595,0.0695,9
Panama,8,15_06_30,aggressive,7,0.0139,0.6469,0.6608,0.071,9
Panama,8,15_06_30,aggressive,8,0.0161,0.7179,0.734,0.0652,9
Panama,8,15_06_30,aggressive,9,0.0172,0.7831,0.8003,0.0661,9
Panama,8,15_06_30,aggressive,10,0.016,0.8492,0.8652,0.0638,9
Panama,8,15_06_30,aggressive,11,0.019,0.913,0.932,0.071,9
Panama,8,15_06_30,aggressive,12,0.0188,0.984,1.0028,0.0725,9
Panama,8,15_06_30,aggressive,13,0.0194,1.0565,1.0759,0.0739,9
Panama,8,15_06_30,aggressive,14,0.0215,1.1304,1.152,0.0777,9
Panama,8,15_06_30,aggressive,15,0.0216,1.2081,1.2298,0.0763,9
Panama,8,15_06_30,aggressive,16,0.0224,1.2844,1.3068,0.0803,9
Panama,8,15_06_30,aggressive,17,0.0247,1.3647,1.3894,0.084,9
Panama,8,15_06_30,aggressive,18,0.0224,1.4487,1.4711,0.0751,9
Panama,8,15_06_30,aggressive,19,0.0275,1.5238,1.5513,0.0843,9
Panama,8,15_06_30,aggressive,20,0.0366,1.6081,1.6448,0.0963,9
Panama,8,15_06_30,aggressive,21,0.0376,1.7044,1.742,0.0945,9
Panama,8,15_06_30,aggressive,22,0.0433,1.7989,1.8423,0.0839,9
Panama,8,15_06_30,aggressive,23,0.0518,1.8828,1.9347,0.0954,9
Panama,8,15_06_30,aggressive,24,0.0247,1.9782,2.0029,0.1018,9
Panama,8,15_06_30,aggressive,25,0.0247,2.08,2.1047,,9
Costa Rica,11,16_07_06,aggressive,1,0.0133,0.0789,0.0922,0.0406,10
Costa Rica,11,16_07_06,aggressive,2,0.0078,0.1195,0.1273,0.073,10
Costa Rica,11,16_07_06,aggressive,3,0.0102,0.1925,0.2027,0.0421,10
Costa Rica,11,16_07_06,aggressive,4,0.0074,0.2346,0.242,0.0569,10
Costa Rica,11,16_07_06,aggressive,5,0.0267,0.2915,0.3183,0.0364,10
Costa Rica,11,16_07_06,aggressive,6,0.007,0.3279,0.3349,0.0617,10
Costa Rica,11,16_07_06,aggressive,7,0.0138,0.3896,0.4034,0.0283,10
Costa Rica,11,16_07_06,aggressive,8,0.0037,0.4179,0.4216,0.0121,10
Costa Rica,11,16_07_06,aggressive,9,0.0065,0.43,0.4366,0.0574,10
Costa Rica,11,16_07_06,aggressive,10,0.0133,0.4874,0.5007,0.027,10
Costa Rica,11,16_07_06,aggressive,11,0.0062,0.5144,0.5207,0.0142,10
Costa Rica,11,16_07_06,aggressive,12,0.0071,0.5286,0.5358,0.0529,10
Costa Rica,11,16_07_06,aggressive,13,0.0345,0.5815,0.616,0.0428,10
Costa Rica,11,16_07_06,aggressive,14,0.0072,0.6243,0.6316,0.0589,10
Costa Rica,11,16_07_06,aggressive,15,0.0416,0.6832,0.7248,0.0462,10
Costa Rica,11,16_07_06,aggressive,16,0.0075,0.7294,0.737,0.0566,10
Costa Rica,11,16_07_06,aggressive,17,0.0582,0.786,0.8442,0.1114,10
Costa Rica,11,16_07_06,aggressive,18,0.0704,0.8974,0.9678,0.1273,10
Costa Rica,11,16_07_06,aggressive,19,0.0145,1.0247,1.0393,0.0791,10
Costa Rica,11,16_07_06,aggressive,20,0.0424,1.1038,1.1463,0.0954,10
Costa Rica,11,16_07_06,aggressive,21,0.0432,1.1992,1.2424,0.0659,10
Costa Rica,11,16_07_06,aggressive,22,0.052,1.2651,1.3172,0.1016,10
Costa Rica,11,16_07_06,aggressive,23,0.1095,1.3667,1.4763,0.1539,10
Costa Rica,11,16_07_06,aggressive,24,0.1043,1.5206,1.6249,0.2335,10
Costa Rica,11,16_07_06,aggressive,25,0.1048,1.7541,1.8589,0.167,10
Costa Rica,11,16_07_06,aggressive,26,0.0357,1.9211,1.9568,0.0484,10
Costa Rica,11,16_07_06,aggressive,27,0.0139,1.9695,1.9834,0.0325,10
Costa Rica,11,16_07_06,aggressive,28,0.0622,2.002,2.0642,0.1293,10
Costa Rica,11,16_07_06,aggressive,29,0.0227,2.1313,2.1541,0.1028,10
Costa Rica,11,16_07_06,aggressive,30,0.0427,2.2341,2.2768,0.1039,10
Costa Rica,11,16_07_06,aggressive,31,0.0227,2.338,2.3608,0.0374,10
Costa Rica,11,16_07_06,aggressive,32,0.1191,2.3754,2.4945,0.1814,10
Costa Rica,11,16_07_06,aggressive,33,0.1218,2.5568,2.6786,0.1772,10
Costa Rica,11,16_07_06,aggressive,34,0.0252,2.734,2.7592,0.0488,10
Costa Rica,11,16_07_06,aggressive,35,0.0721,2.7828,2.855,0.1249,10
Costa Rica,11,16_07_06,aggressive,36,0.0674,2.9077,2.9752,0.0727,10
Costa Rica,11,16_07_06,aggressive,37,0.0029,2.9804,2.9834,0.0075,10
Costa Rica,11,16_07_06,aggressive,38,0.003,2.9879,2.9909,,10
Costa Rica,15,16_07_04,aggressive,1,0.0582,0.0634,0.1217,0.1535,11
Costa Rica,15,16_07_04,aggressive,2,0.0683,0.2169,0.2853,0.1604,11
Costa Rica,15,16_07_04,aggressive,3,0.0538,0.3773,0.4312,0.1375,11
Costa Rica,15,16_07_04,aggressive,4,0.0494,0.5148,0.5642,0.131,11
Costa Rica,15,16_07_04,aggressive,5,0.0472,0.6458,0.6931,0.1222,11
Costa Rica,15,16_07_04,aggressive,6,0.0318,0.768,0.7998,0.11,11
Costa Rica,15,16_07_04,aggressive,7,0.0212,0.878,0.8993,0.0945,11
Costa Rica,15,16_07_04,aggressive,8,0.0174,0.9725,0.9899,0.0699,11
Costa Rica,15,16_07_04,aggressive,9,0.0294,1.0424,1.0718,0.0823,11
Costa Rica,15,16_07_04,aggressive,10,0.0337,1.1247,1.1585,0.0575,11
Costa Rica,15,16_07_04,aggressive,11,0.0061,1.1822,1.1883,0.0631,11
Costa Rica,15,16_07_04,aggressive,12,0.0381,1.2453,1.2834,0.0564,11
Costa Rica,15,16_07_04,aggressive,13,0.0058,1.3017,1.3076,0.031,11
Costa Rica,15,16_07_04,aggressive,14,0.0032,1.3327,1.3359,0.0625,11
Costa Rica,15,16_07_04,aggressive,15,0.0491,1.3952,1.4443,0.0657,11
Costa Rica,15,16_07_04,aggressive,16,0.0053,1.4609,1.4663,0.0258,11
Costa Rica,15,16_07_04,aggressive,17,0.0029,1.4867,1.4896,0.018,11
Costa Rica,15,16_07_04,aggressive,18,0.0029,1.5047,1.5077,0.0187,11
Costa Rica,15,16_07_04,aggressive,19,0.0017,1.5234,1.5252,0.0166,11
Costa Rica,15,16_07_04,aggressive,20,0.0021,1.54,1.5422,0.0152,11
Costa Rica,15,16_07_04,aggressive,21,0.0012,1.5552,1.5564,,11
Costa Rica,17,16_07_10,aggressive,1,0.0352,0.1155,0.1507,0.1278,12
Costa Rica,17,16_07_10,aggressive,2,0.002,0.2433,0.2453,0.012,12
Costa Rica,17,16_07_10,aggressive,3,0.0017,0.2553,0.2571,0.0191,12
Costa Rica,17,16_07_10,aggressive,4,0.0368,0.2744,0.3112,0.1174,12
Costa Rica,17,16_07_10,aggressive,5,0.0072,0.3918,0.3991,0.0414,12
Costa Rica,17,16_07_10,aggressive,6,0.0693,0.4332,0.5026,0.1753,12
Costa Rica,17,16_07_10,aggressive,7,0.0061,0.6085,0.6146,0.0331,12
Costa Rica,17,16_07_10,aggressive,8,0.0948,0.6416,0.7365,0.213,12
Costa Rica,17,16_07_10,aggressive,9,0.0014,0.8546,0.856,0.0097,12
Costa Rica,17,16_07_10,aggressive,10,0.0008,0.8643,0.8652,0.0154,12
Costa Rica,17,16_07_10,aggressive,11,0.0931,0.8797,0.9729,0.1627,12
Costa Rica,17,16_07_10,aggressive,12,0.1393,1.0424,1.1818,0.2116,12
Costa Rica,17,16_07_10,aggressive,13,0.0017,1.254,1.2558,0.0225,12
Costa Rica,17,16_07_10,aggressive,14,0.0967,1.2765,1.3733,0.1855,12
Costa Rica,17,16_07_10,aggressive,15,0.077,1.462,1.539,0.1637,12
Costa Rica,17,16_07_10,aggressive,16,0.0613,1.6257,1.687,0.1481,12
Costa Rica,17,16_07_10,aggressive,17,0.0712,1.7738,1.8451,0.1607,12
Costa Rica,17,16_07_10,aggressive,18,0.0871,1.9345,2.0217,0.1783,12
Costa Rica,17,16_07_10,aggressive,19,0.0709,2.1128,2.1838,0.1712,12
Costa Rica,17,16_07_10,aggressive,20,0.0916,2.284,2.3756,0.1849,12
Costa Rica,17,16_07_10,aggressive,21,0.0977,2.4689,2.5667,0.1959,12
Costa Rica,17,16_07_10,aggressive,22,0.0961,2.6648,2.7609,0.1857,12
Costa Rica,17,16_07_10,aggressive,23,0.0875,2.8505,2.9381,0.1623,12
Costa Rica,17,16_07_10,aggressive,24,0.0011,3.0128,3.014,0.0146,12
Costa Rica,17,16_07_10,aggressive,25,0.0542,3.0274,3.0817,0.0919,12
Costa Rica,17,16_07_10,aggressive,26,0.0028,3.1193,3.1221,0.0196,12
Costa Rica,17,16_07_10,aggressive,27,0.0025,3.1389,3.1415,0.0091,12
Costa Rica,17,16_07_10,aggressive,28,0.002,3.148,3.15,0.0073,12
Costa Rica,17,16_07_10,aggressive,29,0.0021,3.1553,3.1575,0.0075,12
Costa Rica,17,16_07_10,aggressive,30,0.0033,3.1628,3.1662,,12
Panama,6,15_07_05,IC,1,0.0075,0.0544,0.0619,0.0372,13
Panama,6,15_07_05,IC,2,0.0055,0.0916,0.0971,0.0684,13
Panama,6,15_07_05,IC,3,0.0096,0.16,0.1696,0.04,13
Panama,6,15_07_05,IC,4,0.0094,0.2,0.2095,0.0682,13
Panama,6,15_07_05,IC,5,0.0151,0.2682,0.2833,0.0387,13
Panama,6,15_07_05,IC,6,0.0096,0.3069,0.3165,0.0677,13
Panama,6,15_07_05,IC,7,0.0163,0.3746,0.391,0.0414,13
Panama,6,15_07_05,IC,8,0.0096,0.416,0.4256,0.0648,13
Panama,6,15_07_05,IC,9,0.0157,0.4808,0.4966,0.0414,13
Panama,6,15_07_05,IC,10,0.0096,0.5222,0.5318,0.06,13
Panama,6,15_07_05,IC,11,0.0309,0.5822,0.6132,0.0428,13
Panama,6,15_07_05,IC,12,0.0122,0.625,0.6373,0.0608,13
Panama,6,15_07_05,IC,13,0.0184,0.6858,0.7042,0.0358,13
Panama,6,15_07_05,IC,14,0.0122,0.7216,0.7339,0.0538,13
Panama,6,15_07_05,IC,15,0.0232,0.7754,0.7987,0.0366,13
Panama,6,15_07_05,IC,16,0.0088,0.812,0.8208,0.0552,13
Panama,6,15_07_05,IC,17,0.0267,0.8672,0.8939,0.0392,13
Panama,6,15_07_05,IC,18,0.0144,0.9064,0.9209,0.0568,13
Panama,6,15_07_05,IC,19,0.0212,0.9632,0.9844,0.0352,13
Panama,6,15_07_05,IC,20,0.013,0.9984,1.0114,0.0524,13
Panama,6,15_07_05,IC,21,0.0198,1.0508,1.0707,0.0224,13
Panama,6,15_07_05,IC,22,0.0088,1.0732,0.0113,0.0584,13
Panama,6,15_07_05,IC,23,0.0177,1.1316,1.1494,0.0296,13
Panama,6,15_07_05,IC,24,0.0088,1.1612,1.17,0.0475,13
Panama,6,15_07_05,IC,25,0.0157,1.2087,1.2244,0.0282,13
Panama,6,15_07_05,IC,26,0.0081,1.2369,1.2451,0.047,13
Panama,6,15_07_05,IC,27,0.0171,1.2839,1.3011,0.0283,13
Panama,6,15_07_05,IC,28,0.008,1.3122,1.3203,0.0483,13
Panama,6,15_07_05,IC,29,0.0192,1.3605,1.3797,0.0311,13
Panama,6,15_07_05,IC,30,0.0088,1.3916,1.4004,0.062,13
Panama,6,15_07_05,IC,31,0.0157,1.4536,1.4694,0.0304,13
Panama,6,15_07_05,IC,32,0.0143,1.484,1.4983,0.0311,13
Panama,6,15_07_05,IC,33,0.0067,1.5151,1.5219,0.0613,13
Panama,6,15_07_05,IC,34,0.0116,1.5764,1.588,0.0352,13
Panama,6,15_07_05,IC,35,0.0081,1.6116,1.6198,0.06,13
Panama,6,15_07_05,IC,36,0.0129,1.6716,1.6846,0.0297,13
Panama,6,15_07_05,IC,37,0.0135,1.7013,1.7149,0.089,13
Panama,6,15_07_05,IC,38,0.0171,1.7903,1.8074,0.0904,13
Panama,6,15_07_05,IC,39,0.0108,1.8807,1.8915,0.0869,13
Panama,6,15_07_05,IC,40,0.0171,1.9676,1.9847,,13
Panama,8,15_06_25,IC,1,0.0104,0.016,0.0264,0.0652,14
Panama,8,15_06_25,IC,2,0.017,0.0812,0.0983,0.0642,14
Panama,8,15_06_25,IC,3,0.017,0.1454,0.1624,0.0754,14
Panama,8,15_06_25,IC,4,0.0175,0.2208,0.2383,0.0707,14
Panama,8,15_06_25,IC,5,0.0202,0.2915,0.3118,0.0724,14
Panama,8,15_06_25,IC,6,0.0202,0.3639,0.3841,0.0692,14
Panama,8,15_06_25,IC,7,0.017,0.4331,0.4501,0.0772,14
Panama,8,15_06_25,IC,8,0.025,0.5103,0.5354,0.0529,14
Panama,8,15_06_25,IC,9,0.0062,0.5632,0.5694,0.0602,14
Panama,8,15_06_25,IC,10,0.0336,0.6234,0.6571,0.0515,14
Panama,8,15_06_25,IC,11,0.0062,0.6749,0.6812,0.0593,14
Panama,8,15_06_25,IC,12,0.0373,0.7342,0.7715,0.0536,14
Panama,8,15_06_25,IC,13,0.0057,0.7878,0.7936,0.0603,14
Panama,8,15_06_25,IC,14,0.0418,0.8481,0.8899,0.0559,14
Panama,8,15_06_25,IC,15,0.0069,0.904,0.9109,0.056,14
Panama,8,15_06_25,IC,16,0.0405,0.96,1.0005,0.0533,14
Panama,8,15_06_25,IC,17,0.006,1.0133,1.0193,0.0553,14
Panama,8,15_06_25,IC,18,0.0354,1.0686,1.1041,0.0544,14
Panama,8,15_06_25,IC,19,0.0062,1.123,1.1293,0.0616,14
Panama,8,15_06_25,IC,20,0.0403,1.1846,1.2249,0.0572,14
Panama,8,15_06_25,IC,21,0.0064,1.2418,1.2482,0.0606,14
Panama,8,15_06_25,IC,22,0.0399,1.3024,1.3423,0.0556,14
Panama,8,15_06_25,IC,23,0.0056,1.358,1.3637,0.0647,14
Panama,8,15_06_25,IC,24,0.0276,1.4227,1.4503,0.0852,14
Panama,8,15_06_25,IC,25,0.0165,1.5079,1.5244,,14
Panama,10,15_07_18,IC,1,0.014,0.3614,0.3755,0.0636,15
Panama,10,15_07_18,IC,2,0.0157,0.425,0.4408,0.0626,15
Panama,10,15_07_18,IC,3,0.0317,0.4876,0.5194,0.0407,15
Panama,10,15_07_18,IC,4,0.0079,0.5283,0.5363,0.0624,15
Panama,10,15_07_18,IC,5,0.0273,0.5907,0.6181,0.0348,15
Panama,10,15_07_18,IC,6,0.0089,0.6255,0.6344,0.0601,15
Panama,10,15_07_18,IC,7,0.0358,0.6856,0.7215,0.0556,15
Panama,10,15_07_18,IC,8,0.0058,0.7412,0.7471,0.0527,15
Panama,10,15_07_18,IC,9,0.009,0.7939,0.803,0.0206,15
Panama,10,15_07_18,IC,10,0.0157,0.8145,0.8303,0.029,15
Panama,10,15_07_18,IC,11,0.0076,0.8435,0.8512,0.0216,15
Panama,10,15_07_18,IC,12,0.0038,0.8651,0.8689,0.0152,15
Panama,10,15_07_18,IC,13,0.0025,0.8803,0.8829,0.0126,15
Panama,10,15_07_18,IC,14,0.0007,0.8929,0.8936,,15
Costa Rica,11,16_06_04,IC,1,0.0166,0.0218,0.0385,0.0688,16
Costa Rica,11,16_06_04,IC,2,0.0253,0.0906,0.1159,0.0518,16
Costa Rica,11,16_06_04,IC,3,0.0078,0.1424,0.1502,0.0775,16
Costa Rica,11,16_06_04,IC,4,0.0193,0.2199,0.2392,0.055,16
Costa Rica,11,16_06_04,IC,5,0.0078,0.2749,0.2827,0.0726,16
Costa Rica,11,16_06_04,IC,6,0.02,0.3475,0.3676,0.0418,16
Costa Rica,11,16_06_04,IC,7,0.0069,0.3893,0.3962,0.0647,16
Costa Rica,11,16_06_04,IC,8,0.0183,0.454,0.4723,0.04,16
Costa Rica,11,16_06_04,IC,9,0.0078,0.494,0.5018,0.0672,16
Costa Rica,11,16_06_04,IC,10,0.0231,0.5612,0.5844,0.0524,16
Costa Rica,11,16_06_04,IC,11,0.0074,0.6136,0.621,0.0392,16
Costa Rica,11,16_06_04,IC,12,0.0069,0.6528,0.6597,,16
Costa Rica,13,16_07_06,IC,1,0.0129,0.1638,0.1767,0.0922,17
Costa Rica,13,16_07_06,IC,2,0.0176,0.256,0.2736,0.0997,17
Costa Rica,13,16_07_06,IC,3,0.0171,0.3557,0.3728,0.0647,17
Costa Rica,13,16_07_06,IC,4,0.0206,0.4204,0.441,0.0432,17
Costa Rica,13,16_07_06,IC,5,0.0083,0.4636,0.4719,0.062,17
Costa Rica,13,16_07_06,IC,6,0.0326,0.5256,0.5583,0.0432,17
Costa Rica,13,16_07_06,IC,7,0.0088,0.5688,0.5776,0.0649,17
Costa Rica,13,16_07_06,IC,8,0.0337,0.6337,0.6675,0.0434,17
Costa Rica,13,16_07_06,IC,9,0.0092,0.6771,0.6863,0.0599,17
Costa Rica,13,16_07_06,IC,10,0.0341,0.737,0.7712,0.0411,17
Costa Rica,13,16_07_06,IC,11,0.0094,0.7781,0.7875,0.054,17
Costa Rica,13,16_07_06,IC,12,0.0409,0.8321,0.873,0.0494,17
Costa Rica,13,16_07_06,IC,13,0.0094,0.8815,0.891,0.0566,17
Costa Rica,13,16_07_06,IC,14,0.0373,0.9381,0.9754,0.0464,17
Costa Rica,13,16_07_06,IC,15,0.0099,0.9845,0.9945,0.0574,17
Costa Rica,13,16_07_06,IC,16,0.0404,1.0419,1.0823,0.0482,17
Costa Rica,13,16_07_06,IC,17,0.0097,1.0901,1.0999,0.0959,17
Costa Rica,13,16_07_06,IC,18,0.0272,1.186,1.2133,0.0882,17
Costa Rica,13,16_07_06,IC,19,0.0395,1.2742,1.3137,0.0471,17
Costa Rica,13,16_07_06,IC,20,0.0088,1.3213,1.3301,0.0614,17
Costa Rica,13,16_07_06,IC,21,0.0487,1.3827,1.4315,0.0539,17
Costa Rica,13,16_07_06,IC,22,0.0094,1.4366,1.4461,0.0595,17
Costa Rica,13,16_07_06,IC,23,0.0666,1.4961,1.5628,0.1081,17
Costa Rica,13,16_07_06,IC,24,0.0346,1.6042,1.6389,0.039,17
Costa Rica,13,16_07_06,IC,25,0.006,1.6432,1.6492,0.0146,17
Costa Rica,13,16_07_06,IC,26,0.0039,1.6578,1.6618,0.0104,17
Costa Rica,13,16_07_06,IC,27,0.0034,1.6682,1.6716,0.0089,17
Costa Rica,13,16_07_06,IC,28,0.0037,1.6771,1.6808,0.0162,17
Costa Rica,13,16_07_06,IC,29,0.0019,1.6933,1.6952,,17
Costa Rica,15,16_06_26,IC,1,0.0138,0.1241,0.1379,0.0698,18
Costa Rica,15,16_06_26,IC,2,0.02,0.1939,0.214,0.0737,18
Costa Rica,15,16_06_26,IC,3,0.0325,0.2676,0.3001,0.0468,18
Costa Rica,15,16_06_26,IC,4,0.0069,0.3144,0.3214,0.0575,18
Costa Rica,15,16_06_26,IC,5,0.0211,0.3719,0.393,0.0694,18
Costa Rica,15,16_06_26,IC,6,0.0275,0.4413,0.4688,0.1083,18
Costa Rica,15,16_06_26,IC,7,0.0142,0.5496,0.5638,0.076,18
Costa Rica,15,16_06_26,IC,8,0.0243,0.6256,0.6499,0.1001,18
Costa Rica,15,16_06_26,IC,9,0.0227,0.7257,0.7485,0.0974,18
Costa Rica,15,16_06_26,IC,10,0.0186,0.8231,0.8418,0.0933,18
Costa Rica,15,16_06_26,IC,11,0.0231,0.9164,0.9396,0.1008,18
Costa Rica,15,16_06_26,IC,12,0.022,1.0172,1.0392,0.096,18
Costa Rica,15,16_06_26,IC,13,0.0224,1.1132,1.1356,0.097,18
Costa Rica,15,16_06_26,IC,14,0.02,1.2102,1.2303,0.0948,18
Costa Rica,15,16_06_26,IC,15,0.0224,1.305,1.3274,0.0872,18
Costa Rica,15,16_06_26,IC,16,0.0229,1.3922,1.4151,0.0974,18
Costa Rica,15,16_06_26,IC,17,0.036,1.4896,1.5257,0.0516,18
Costa Rica,15,16_06_26,IC,18,0.0072,1.5412,1.5485,0.0796,18
Costa Rica,15,16_06_26,IC,19,0.0394,1.6208,1.6602,0.0549,18
Costa Rica,15,16_06_26,IC,20,0.0056,1.6757,1.6814,0.0781,18
Costa Rica,15,16_06_26,IC,21,0.0412,1.7538,1.795,0.0554,18
Costa Rica,15,16_06_26,IC,22,0.0057,1.8092,1.815,0.0709,18
Costa Rica,15,16_06_26,IC,23,0.0367,1.8801,1.9169,0.0501,18
Costa Rica,15,16_06_26,IC,24,0.0053,1.9302,1.9356,0.0795,18
Costa Rica,15,16_06_26,IC,25,0.0314,2.0097,2.0412,0.0427,18
Costa Rica,15,16_06_26,IC,26,0.0048,2.0524,2.0573,0.0754,18
Costa Rica,15,16_06_26,IC,27,0.0376,2.1278,2.1655,0.0841,18
Costa Rica,15,16_06_26,IC,28,0.0318,2.2119,2.2438,0.0437,18
Costa Rica,15,16_06_26,IC,29,0.0042,2.2556,2.2598,0.0231,18
Costa Rica,15,16_06_26,IC,30,0.0015,2.2787,2.2803,,18
Panama,2,15_06_30,neutral,1,0.011,0.0704,0.0814,0.0702,19
Panama,2,15_06_30,neutral,2,0.0084,0.1406,0.1491,0.0777,19
Panama,2,15_06_30,neutral,3,0.0113,0.2183,0.2297,0.0702,19
Panama,2,15_06_30,neutral,4,0.011,0.2885,0.2995,0.0681,19
Panama,2,15_06_30,neutral,5,0.011,0.3566,0.3676,0.0647,19
Panama,2,15_06_30,neutral,6,0.0119,0.4213,0.4332,0.0633,19
Panama,2,15_06_30,neutral,7,0.0116,0.4846,0.4962,0.0615,19
Panama,2,15_06_30,neutral,8,0.0116,0.5461,0.5578,0.0671,19
Panama,2,15_06_30,neutral,9,0.0117,0.6132,0.625,0.0677,19
Panama,2,15_06_30,neutral,10,0.0112,0.6809,0.6922,0.0664,19
Panama,2,15_06_30,neutral,11,0.011,0.7473,0.7584,0.0738,19
Panama,2,15_06_30,neutral,12,0.0111,0.8211,0.8322,0.0731,19
Panama,2,15_06_30,neutral,13,0.0108,0.8942,0.905,0.0737,19
Panama,2,15_06_30,neutral,14,0.0104,0.9679,0.9784,0.074,19
Panama,2,15_06_30,neutral,15,0.0102,1.0419,1.0521,,19
Panama,5,15_07_20,neutral,1,0.0098,0.0906,0.1004,0.0795,20
Panama,5,15_07_20,neutral,2,0.012,0.1701,0.1821,0.0791,20
Panama,5,15_07_20,neutral,3,0.011,0.2492,0.2602,0.0809,20
Panama,5,15_07_20,neutral,4,0.0116,0.3301,0.3417,0.0825,20
Panama,5,15_07_20,neutral,5,0.0099,0.4126,0.4226,0.0746,20
Panama,5,15_07_20,neutral,6,0.0096,0.4872,0.4968,0.0655,20
Panama,5,15_07_20,neutral,7,0.0087,0.5527,0.5614,0.0416,20
Panama,5,15_07_20,neutral,8,0.0052,0.5943,0.5995,0.0526,20
Panama,5,15_07_20,neutral,9,0.006,0.6469,0.6529,0.0225,20
Panama,5,15_07_20,neutral,10,0.002,0.6694,0.6714,0.0175,20
Panama,5,15_07_20,neutral,11,0.003,0.6869,0.69,0.093,20
Panama,5,15_07_20,neutral,12,0.0089,0.7799,0.7888,0.0693,20
Panama,5,15_07_20,neutral,13,0.0084,0.8492,0.8577,0.0821,20
Panama,5,15_07_20,neutral,14,0.0098,0.9313,0.9411,0.0969,20
Panama,5,15_07_20,neutral,15,0.0087,1.0282,1.0369,0.1163,20
Panama,5,15_07_20,neutral,16,0.0092,1.1445,1.1537,0.0981,20
Panama,5,15_07_20,neutral,17,0.0124,1.2426,1.255,0.0874,20
Panama,5,15_07_20,neutral,18,0.012,1.33,1.342,0.0806,20
Panama,5,15_07_20,neutral,19,0.0215,1.4106,1.4321,0.089,20
Panama,5,15_07_20,neutral,20,0.0217,1.4996,1.5214,0.0867,20
Panama,5,15_07_20,neutral,21,0.0221,1.5863,1.6084,0.0871,20
Panama,5,15_07_20,neutral,22,0.0207,1.6734,1.6942,0.0887,20
Panama,5,15_07_20,neutral,23,0.0207,1.7621,1.7829,0.0926,20
Panama,5,15_07_20,neutral,24,0.0189,1.8547,1.8736,0.125,20
Panama,5,15_07_20,neutral,25,0.0149,1.9797,1.9947,0.0572,20
Panama,5,15_07_20,neutral,26,0.008,2.0369,2.045,0.0832,20
Panama,5,15_07_20,neutral,27,0.0247,2.1201,2.1448,0.0488,20
Panama,5,15_07_20,neutral,28,0.0079,2.1689,2.1768,0.0767,20
Panama,5,15_07_20,neutral,29,0.0256,2.2456,2.2712,0.0503,20
Panama,5,15_07_20,neutral,30,0.0081,2.2959,2.3041,,20
Panama,6,15_07_05,neutral,1,0.009,0.0353,0.0444,0.0939,21
Panama,6,15_07_05,neutral,2,0.0098,0.1292,0.1391,0.0776,21
Panama,6,15_07_05,neutral,3,0.0113,0.2068,0.2182,0.0694,21
Panama,6,15_07_05,neutral,4,0.0126,0.2762,0.2888,0.0669,21
Panama,6,15_07_05,neutral,5,0.0125,0.3431,0.3557,0.0647,21
Panama,6,15_07_05,neutral,6,0.0133,0.4078,0.4211,0.0661,21
Panama,6,15_07_05,neutral,7,0.012,0.4739,0.486,0.0667,21
Panama,6,15_07_05,neutral,8,0.0113,0.5406,0.552,0.0636,21
Panama,6,15_07_05,neutral,9,0.0117,0.6042,0.616,0.0597,21
Panama,6,15_07_05,neutral,10,0.0078,0.6639,0.6717,0.0287,21
Panama,6,15_07_05,neutral,11,0.0052,0.6926,0.6978,0.0483,21
Panama,6,15_07_05,neutral,12,0.009,0.7409,0.75,0.0336,21
Panama,6,15_07_05,neutral,13,0.0058,0.7745,0.7804,0.0646,21
Panama,6,15_07_05,neutral,14,0.0111,0.8391,0.8503,0.0734,21
Panama,6,15_07_05,neutral,15,0.0097,0.9125,0.9222,0.0784,21
Panama,6,15_07_05,neutral,16,0.0099,0.9909,1.0009,0.0805,21
Panama,6,15_07_05,neutral,17,0.0094,1.0714,1.0809,,21
Costa Rica,13,16_07_04,neutral,1,0.0098,0.054,0.0638,0.0919,22
Costa Rica,13,16_07_04,neutral,2,0.0108,0.1459,0.1568,0.0797,22
Costa Rica,13,16_07_04,neutral,3,0.0116,0.2256,0.2373,0.0798,22
Costa Rica,13,16_07_04,neutral,4,0.0136,0.3054,0.3191,0.0811,22
Costa Rica,13,16_07_04,neutral,5,0.0126,0.3865,0.3992,0.0759,22
Costa Rica,13,16_07_04,neutral,6,0.0124,0.4624,0.4748,0.0801,22
Costa Rica,13,16_07_04,neutral,7,0.0116,0.5425,0.5542,0.0726,22
Costa Rica,13,16_07_04,neutral,8,0.017,0.6151,0.6321,0.0776,22
Costa Rica,13,16_07_04,neutral,9,0.0166,0.6927,0.7093,0.0845,22
Costa Rica,13,16_07_04,neutral,10,0.0136,0.7772,0.7909,0.0885,22
Costa Rica,13,16_07_04,neutral,11,0.0176,0.8657,0.8834,0.0895,22
Costa Rica,13,16_07_04,neutral,12,0.0224,0.9552,0.9776,0.0919,22
Costa Rica,13,16_07_04,neutral,13,0.0218,1.0471,1.069,0.101,22
Costa Rica,13,16_07_04,neutral,14,0.0119,1.1481,1.16,0.0883,22
Costa Rica,13,16_07_04,neutral,15,0.0112,1.2364,1.2477,0.0841,22
Costa Rica,13,16_07_04,neutral,16,0.0115,1.3205,1.332,0.0827,22
Costa Rica,13,16_07_04,neutral,17,0.012,1.4032,1.4152,0.0835,22
Costa Rica,13,16_07_04,neutral,18,0.0108,1.4867,1.4976,0.0805,22
Costa Rica,13,16_07_04,neutral,19,0.0108,1.5672,1.5781,0.0754,22
Costa Rica,13,16_07_04,neutral,20,0.009,1.6426,1.6517,0.0728,22
Costa Rica,13,16_07_04,neutral,21,0.0096,1.7154,1.725,0.0645,22
Costa Rica,13,16_07_04,neutral,22,0.0102,1.7799,1.7902,0.0616,22
Costa Rica,13,16_07_04,neutral,23,0.0112,1.8415,1.8528,0.0384,22
Costa Rica,13,16_07_04,neutral,24,0.0062,1.8799,1.8862,0.053,22
Costa Rica,13,16_07_04,neutral,25,0.0112,1.9329,1.9441,0.0299,22
Costa Rica,13,16_07_04,neutral,26,0.0052,1.9628,1.9681,0.0164,22
Costa Rica,13,16_07_04,neutral,27,0.003,1.9792,1.9823,0.0124,22
Costa Rica,13,16_07_04,neutral,28,0.003,1.9916,1.9947,0.0118,22
Costa Rica,13,16_07_04,neutral,29,0.002,2.0034,2.0055,,22
Costa Rica,15,16_06_26,neutral,1,0.0101,0.0546,0.0647,0.0933,23
Costa Rica,15,16_06_26,neutral,2,0.0107,0.1479,0.1587,0.1305,23
Costa Rica,15,16_06_26,neutral,3,0.0046,0.2784,0.283,0.1102,23
Costa Rica,15,16_06_26,neutral,4,0.0113,0.3886,0.4,0.0882,23
Costa Rica,15,16_06_26,neutral,5,0.0163,0.4768,0.4931,0.1021,23
Costa Rica,15,16_06_26,neutral,6,0.018,0.5789,0.5969,0.1098,23
Costa Rica,15,16_06_26,neutral,7,0.0085,0.6887,0.6973,0.0958,23
Costa Rica,15,16_06_26,neutral,8,0.0093,0.7845,0.7938,0.0949,23
Costa Rica,15,16_06_26,neutral,9,0.008,0.8794,0.8875,0.0889,23
Costa Rica,15,16_06_26,neutral,10,0.0087,0.9683,0.977,0.0892,23
Costa Rica,15,16_06_26,neutral,11,0.0097,1.0575,1.0672,0.0875,23
Costa Rica,15,16_06_26,neutral,12,0.008,1.145,1.1531,0.0825,23
Costa Rica,15,16_06_26,neutral,13,0.0084,1.2275,1.2359,0.0676,23
Costa Rica,15,16_06_26,neutral,14,0.0225,1.2951,1.3176,0.0743,23
Costa Rica,15,16_06_26,neutral,15,0.0229,1.3694,1.3923,0.0744,23
Costa Rica,15,16_06_26,neutral,16,0.0211,1.4438,1.4649,0.0782,23
Costa Rica,15,16_06_26,neutral,17,0.0174,1.522,1.5394,0.07,23
Costa Rica,15,16_06_26,neutral,18,0.0163,1.592,1.6084,0.0689,23
Costa Rica,15,16_06_26,neutral,19,0.0218,1.6609,1.6828,0.0683,23
Costa Rica,15,16_06_26,neutral,20,0.0204,1.7292,1.7497,0.045,23
Costa Rica,15,16_06_26,neutral,21,0.0056,1.7742,1.7798,0.0618,23
Costa Rica,15,16_06_26,neutral,22,0.0305,1.836,1.8666,0.0486,23
Costa Rica,15,16_06_26,neutral,23,0.0049,1.8846,1.8896,0.0241,23
Costa Rica,15,16_06_26,neutral,24,0.0035,1.9087,1.9123,0.0185,23
Costa Rica,15,16_06_26,neutral,25,0.0023,1.9272,1.9296,0.0173,23
Costa Rica,15,16_06_26,neutral,26,0.0028,1.9445,1.9473,,23
Costa Rica,19,16_06_23,neutral,1,0.0295,0.0792,0.1088,0.1211,24
Costa Rica,19,16_06_23,neutral,2,0.028,0.2003,0.2283,0.2291,24
Costa Rica,19,16_06_23,neutral,3,0.016,0.4294,0.4454,0.1139,24
Costa Rica,19,16_06_23,neutral,4,0.0147,0.5433,0.558,0.107,24
Costa Rica,19,16_06_23,neutral,5,0.018,0.6503,0.6684,0.1031,24
Costa Rica,19,16_06_23,neutral,6,0.013,0.7534,0.7664,0.0195,24
Costa Rica,19,16_06_23,neutral,7,0.0154,0.7729,0.7884,0.1037,24
Costa Rica,19,16_06_23,neutral,8,0.0171,0.8766,0.8938,0.0808,24
Costa Rica,19,16_06_23,neutral,9,0.0285,0.9574,0.9859,0.0934,24
Costa Rica,19,16_06_23,neutral,10,0.0245,1.0508,1.0754,0.0918,24
Costa Rica,19,16_06_23,neutral,11,0.0211,1.1426,1.1637,0.0804,24
Costa Rica,19,16_06_23,neutral,12,0.0198,1.223,1.2428,0.0774,24
Costa Rica,19,16_06_23,neutral,13,0.0143,1.3004,1.3148,0.0699,24
Costa Rica,19,16_06_23,neutral,14,0.0227,1.3703,1.3931,0.0352,24
Costa Rica,19,16_06_23,neutral,15,0.0044,1.4055,1.41,0.0195,24
Costa Rica,19,16_06_23,neutral,16,0.0037,1.425,1.4287,,24
Panama,3,15_06_23,UPS,1,0.0327,0.0483,0.0811,0.122,25
Panama,3,15_06_23,UPS,2,0.0423,0.1703,0.2127,0.117,25
Panama,3,15_06_23,UPS,3,0.039,0.2873,0.3264,0.1292,25
Panama,3,15_06_23,UPS,4,0.0332,0.4165,0.4497,0.1376,25
Panama,3,15_06_23,UPS,5,0.0175,0.5541,0.5716,0.1154,25
Panama,3,15_06_23,UPS,6,0.0275,0.6695,0.697,0.133,25
Panama,3,15_06_23,UPS,7,0.0167,0.8025,0.8193,0.1224,25
Panama,3,15_06_23,UPS,8,0.0193,0.9249,0.9442,0.1029,25
Panama,3,15_06_23,UPS,9,0.0346,1.0278,1.0625,0.2793,25
Panama,3,15_06_23,UPS,10,0.0175,1.3071,1.3246,0.2579,25
Panama,3,15_06_23,UPS,11,0.0235,1.565,1.5886,0.1316,25
Panama,3,15_06_23,UPS,12,0.0195,1.6966,1.7162,0.1364,25
Panama,3,15_06_23,UPS,13,0.0135,1.833,1.8466,0.1437,25
Panama,3,15_06_23,UPS,14,0.0129,1.9767,1.9896,0.146,25
Panama,3,15_06_23,UPS,15,0.0163,2.1227,2.1391,0.1578,25
Panama,3,15_06_23,UPS,16,0.012,2.2805,2.2926,0.1538,25
Panama,3,15_06_23,UPS,17,0.0106,2.4343,2.4449,0.0945,25
Panama,3,15_06_23,UPS,18,0.0339,2.5288,2.5628,0.1223,25
Panama,3,15_06_23,UPS,19,0.0381,2.6511,2.6892,,25
Panama,3,15_06_23,UPS,1,0.0364,0.0465,0.083,0.2,26
Panama,3,15_06_23,UPS,2,0.0294,0.2465,0.2759,0.1121,26
Panama,3,15_06_23,UPS,3,0.0395,0.3586,0.3982,0.1009,26
Panama,3,15_06_23,UPS,4,0.038,0.4595,0.4975,0.1072,26
Panama,3,15_06_23,UPS,5,0.0505,0.5667,0.6173,0.1242,26
Panama,3,15_06_23,UPS,6,0.0459,0.6909,0.7368,0.1181,26
Panama,3,15_06_23,UPS,7,0.0334,0.809,0.8424,0.1037,26
Panama,3,15_06_23,UPS,8,0.0337,0.9127,0.9465,,26
Panama,9,15_07_05,UPS,1,0.034,0.3448,0.3788,0.1,27
Panama,9,15_07_05,UPS,2,0.0472,0.4448,0.492,0.1204,27
Panama,9,15_07_05,UPS,3,0.0419,0.5652,0.6072,0.1125,27
Panama,9,15_07_05,UPS,4,0.0531,0.6777,0.7308,0.1249,27
Panama,9,15_07_05,UPS,5,0.0524,0.8026,0.8551,0.1329,27
Panama,9,15_07_05,UPS,6,0.038,0.9355,0.9735,0.1373,27
Panama,9,15_07_05,UPS,7,0.061,1.0728,1.1339,0.1516,27
Panama,9,15_07_05,UPS,8,0.0348,1.2244,1.2592,0.1382,27
Panama,9,15_07_05,UPS,9,0.0604,1.3626,1.4231,0.1461,27
Panama,9,15_07_05,UPS,10,0.0446,1.5087,1.5534,0.1389,27
Panama,9,15_07_05,UPS,11,0.0419,1.6476,1.6896,0.1355,27
Panama,9,15_07_05,UPS,12,0.0426,1.7831,1.8257,0.1316,27
Panama,9,15_07_05,UPS,13,0.038,1.9147,1.9527,,27
Costa Rica,14,16_06_26,UPS,1,0.0067,0.0808,0.0876,0.0749,28
Costa Rica,14,16_06_26,UPS,2,0.0335,0.1557,0.1893,0.0497,28
Costa Rica,14,16_06_26,UPS,3,0.006,0.2054,0.2114,0.107,28
Costa Rica,14,16_06_26,UPS,4,0.0058,0.3124,0.3183,0.0214,28
Costa Rica,14,16_06_26,UPS,5,0.006,0.3338,0.3398,0.0932,28
Costa Rica,14,16_06_26,UPS,6,0.0158,0.427,0.4428,0.0313,28
Costa Rica,14,16_06_26,UPS,7,0.0074,0.4583,0.4657,0.0818,28
Costa Rica,14,16_06_26,UPS,8,0.0296,0.5401,0.5698,0.0428,28
Costa Rica,14,16_06_26,UPS,9,0.006,0.5829,0.5889,0.0764,28
Costa Rica,14,16_06_26,UPS,10,0.0343,0.6593,0.6936,0.0466,28
Costa Rica,14,16_06_26,UPS,11,0.006,0.7059,0.7119,0.0792,28
Costa Rica,14,16_06_26,UPS,12,0.0362,0.7851,0.8213,0.1005,28
Costa Rica,14,16_06_26,UPS,13,0.04,0.8856,0.9256,0.0516,28
Costa Rica,14,16_06_26,UPS,14,0.006,0.9372,0.9432,0.0784,28
Costa Rica,14,16_06_26,UPS,15,0.0341,1.0156,1.0498,0.0447,28
Costa Rica,14,16_06_26,UPS,16,0.006,1.0603,1.0663,0.0722,28
Costa Rica,14,16_06_26,UPS,17,0.0395,1.1325,1.172,0.1001,28
Costa Rica,14,16_06_26,UPS,18,0.046,1.2326,1.2787,0.1073,28
Costa Rica,14,16_06_26,UPS,19,0.0491,1.3399,1.389,0.1198,28
Costa Rica,14,16_06_26,UPS,20,0.0372,1.4597,1.4969,0.1033,28
Costa Rica,14,16_06_26,UPS,21,0.0381,1.563,1.6011,0.1065,28
Costa Rica,14,16_06_26,UPS,22,0.0377,1.6695,1.7072,0.1139,28
Costa Rica,14,16_06_26,UPS,23,0.0267,1.7834,1.8101,0.0924,28
Costa Rica,14,16_06_26,UPS,24,0.0378,1.8758,1.9137,0.0937,28
Costa Rica,14,16_06_26,UPS,25,0.0468,1.9695,2.0163,0.1019,28
Costa Rica,14,16_06_26,UPS,26,0.041,2.0714,2.1125,0.0996,28
Costa Rica,14,16_06_26,UPS,27,0.045,2.171,2.216,0.102,28
Costa Rica,14,16_06_26,UPS,28,0.043,2.273,2.316,0.1058,28
Costa Rica,14,16_06_26,UPS,29,0.0398,2.3788,2.4186,0.0997,28
Costa Rica,14,16_06_26,UPS,30,0.0389,2.4785,2.5175,0.0967,28
Costa Rica,14,16_06_26,UPS,31,0.044,2.5752,2.6192,0.0918,28
Costa Rica,14,16_06_26,UPS,32,0.0052,2.667,2.6722,0.0192,28
Costa Rica,14,16_06_26,UPS,33,0.0307,2.6862,2.7169,0.0862,28
Costa Rica,14,16_06_26,UPS,34,0.0426,2.7724,2.8151,0.088,28
Costa Rica,14,16_06_26,UPS,35,0.0052,2.8604,2.8656,0.0101,28
Costa Rica,14,16_06_26,UPS,36,0.0363,2.8705,2.9068,0.0865,28
Costa Rica,14,16_06_26,UPS,37,0.0419,2.957,2.999,0.0924,28
Costa Rica,14,16_06_26,UPS,38,0.0404,3.0494,3.0899,0.1237,28
Costa Rica,14,16_06_26,UPS,39,0.0102,3.1731,3.1833,0.0745,28
Costa Rica,14,16_06_26,UPS,40,0.0133,3.2476,3.2609,0.088,28
Costa Rica,14,16_06_26,UPS,41,0.0284,3.3356,3.364,0.0848,28
Costa Rica,14,16_06_26,UPS,42,0.0414,3.4204,3.4618,0.1067,28
Costa Rica,14,16_06_26,UPS,43,0.027,3.5271,3.5541,0.1014,28
Costa Rica,14,16_06_26,UPS,44,0.0288,3.6285,3.6573,0.0884,28
Costa Rica,14,16_06_26,UPS,45,0.0394,3.7169,3.7564,0.0951,28
Costa Rica,14,16_06_26,UPS,46,0.0313,3.812,3.8434,0.093,28
Costa Rica,14,16_06_26,UPS,47,0.0448,3.905,3.9498,0.055,28
Costa Rica,14,16_06_26,UPS,48,0.0087,3.96,3.9687,0.0406,28
Costa Rica,14,16_06_26,UPS,49,0.0368,4.0006,4.0375,0.0485,28
Costa Rica,14,16_06_26,UPS,50,0.0055,4.0491,4.0546,0.0534,28
Costa Rica,14,16_06_26,UPS,51,0.0316,4.1025,4.1341,0.0484,28
Costa Rica,14,16_06_26,UPS,52,0.0055,4.1509,4.1564,0.0573,28
Costa Rica,14,16_06_26,UPS,53,0.0359,4.2082,4.2442,0.0502,28
Costa Rica,14,16_06_26,UPS,54,0.004,4.2584,4.2625,0.0228,28
Costa Rica,14,16_06_26,UPS,55,0.0028,4.2812,4.284,0.016,28
Costa Rica,14,16_06_26,UPS,56,0.0025,4.2972,4.2997,0.0146,28
Costa Rica,14,16_06_26,UPS,57,0.0028,4.3118,4.3146,0.013,28
Costa Rica,14,16_06_26,UPS,58,0.0033,4.3248,4.3281,0.0126,28
Costa Rica,14,16_06_26,UPS,59,0.003,4.3374,4.3404,0.0115,28
Costa Rica,14,16_06_26,UPS,60,0.002,4.3489,4.3509,0.0092,28
Costa Rica,14,16_06_26,UPS,61,0.0025,4.3581,4.3607,0.0106,28
Costa Rica,14,16_06_26,UPS,62,0.0015,4.3687,4.3703,0.01,28
Costa Rica,14,16_06_26,UPS,63,0.0017,4.3787,4.3805,0.0093,28
Costa Rica,14,16_06_26,UPS,64,0.0017,4.388,4.3898,0.0095,28
Costa Rica,14,16_06_26,UPS,65,0.0015,4.3975,4.3991,0.0097,28
Costa Rica,14,16_06_26,UPS,66,0.0017,4.4072,4.409,0.0107,28
Costa Rica,14,16_06_26,UPS,67,0.001,4.4179,4.4189,0.01,28
Costa Rica,14,16_06_26,UPS,68,0.0015,4.4279,4.4294,0.0103,28
Costa Rica,14,16_06_26,UPS,69,0.0015,4.4382,4.4398,,28
Costa Rica,19,16_06_23,UPS,1,0.0262,0.0915,0.1177,0.0823,29
Costa Rica,19,16_06_23,UPS,2,0.0362,0.1738,0.21,0.1006,29
Costa Rica,19,16_06_23,UPS,3,0.0605,0.2744,0.3349,0.0708,29
Costa Rica,19,16_06_23,UPS,4,0.0099,0.3452,0.3552,0.1298,29
Costa Rica,19,16_06_23,UPS,5,0.0099,0.475,0.4849,0.1154,29
Costa Rica,19,16_06_23,UPS,6,0.0083,0.5904,0.5987,0.1028,29
Costa Rica,19,16_06_23,UPS,7,0.0115,0.6932,0.7047,0.0997,29
Costa Rica,19,16_06_23,UPS,8,0.0148,0.7929,0.8078,0.073,29
Costa Rica,19,16_06_23,UPS,9,0.0403,0.8659,0.9062,0.0893,29
Costa Rica,19,16_06_23,UPS,10,0.0494,0.9552,1.0046,0.0982,29
Costa Rica,19,16_06_23,UPS,11,0.0391,1.0534,1.0926,0.0993,29
Costa Rica,19,16_06_23,UPS,12,0.029,1.1527,1.1818,0.0739,29
Costa Rica,19,16_06_23,UPS,13,0.0371,1.2266,1.2637,0.0833,29
Costa Rica,19,16_06_23,UPS,14,0.0334,1.3099,1.3433,0.076,29
Costa Rica,19,16_06_23,UPS,15,0.0387,1.3859,1.4247,0.0818,29
Costa Rica,19,16_06_23,UPS,16,0.0339,1.4677,1.5016,0.0784,29
Costa Rica,19,16_06_23,UPS,17,0.0318,1.5461,1.5779,0.0777,29
Costa Rica,19,16_06_23,UPS,18,0.0334,1.6238,1.6572,0.0734,29
Costa Rica,19,16_06_23,UPS,19,0.0359,1.6972,1.7332,0.0425,29
Costa Rica,19,16_06_23,UPS,20,0.0084,1.7397,1.7482,0.0492,29
Costa Rica,19,16_06_23,UPS,21,0.0446,1.7889,1.8336,0.0559,29
Costa Rica,19,16_06_23,UPS,22,0.004,1.8448,1.8489,,29
Costa Rica,19,16_07_07,UPS,1,0.0129,0.055,0.0679,0.1112,30
Costa Rica,19,16_07_07,UPS,2,0.0218,0.1662,0.1881,0.1092,30
Costa Rica,19,16_07_07,UPS,3,0.0309,0.2754,0.3064,0.1047,30
Costa Rica,19,16_07_07,UPS,4,0.0394,0.3801,0.4195,0.1541,30
Costa Rica,19,16_07_07,UPS,5,0.0113,0.5342,0.5456,0.0813,30
Costa Rica,19,16_07_07,UPS,6,0.0414,0.6155,0.657,0.1363,30
Costa Rica,19,16_07_07,UPS,7,0.0168,0.7518,0.7687,0.161,30
Costa Rica,19,16_07_07,UPS,8,0.0289,0.9128,0.9418,0.0922,30
Costa Rica,19,16_07_07,UPS,9,0.0426,1.005,1.0476,0.1088,30
Costa Rica,19,16_07_07,UPS,10,0.0409,1.1138,1.1548,0.1023,30
Costa Rica,19,16_07_07,UPS,11,0.0625,1.2161,1.2787,,30
